CODGEO,gare_nat,gare_reg,gare_loc,points_gare
75056,7,27,0,10
77014,0,1,0,7
77016,0,0,1,4
77037,0,1,0,7
77040,0,1,0,7
77048,0,0,1,4
77058,0,1,0,7
77067,0,1,0,7
77079,0,1,0,7
77084,0,1,0,7
77096,0,0,1,4
77108,0,1,0,7
77111,1,0,0,10
77122,0,1,0,7
77123,0,0,1,4
77131,0,1,0,7
77142,0,1,1,7
77148,0,1,0,7
77152,0,0,1,4
77169,0,1,0,7
77171,0,1,0,7
77183,0,1,0,7
77186,0,1,0,7
77188,0,0,1,4
77210,0,0,1,4
77215,0,1,0,7
77219,0,0,1,4
77226,0,0,1,4
77229,0,1,0,7
77231,0,0,1,4
77251,0,1,0,7
77255,0,0,1,4
77257,0,1,0,7
77258,0,1,0,7
77260,0,1,0,7
77284,0,1,0,7
77285,0,1,0,7
77288,0,1,0,7
77294,0,2,0,7
77305,0,1,0,7
77312,0,1,0,7
77315,0,0,1,4
77316,0,1,0,7
77317,0,1,0,7
77318,0,1,0,7
77320,0,1,0,7
77327,0,1,0,7
77337,0,1,0,7
77350,0,1,0,7
77368,0,1,0,7
77371,0,1,0,7
77379,0,1,0,7
77390,0,1,0,7
77397,0,1,0,7
77404,0,1,0,7
77407,0,2,0,7
77413,0,1,0,7
77419,0,1,0,7
77420,0,1,0,7
77431,0,1,0,7
77445,0,1,0,7
77449,0,1,0,7
77458,0,1,0,7
77462,0,0,1,4
77464,0,1,0,7
77468,0,1,0,7
77470,0,1,0,7
77475,0,1,0,7
77479,0,1,0,7
77493,0,1,0,7
77494,0,0,1,4
77533,0,0,1,4
78005,0,1,0,7
78015,0,2,0,7
78029,0,1,0,7
78062,0,1,0,7
78089,0,1,0,7
78107,0,1,0,7
78126,0,2,0,7
78138,0,1,0,7
78146,0,1,0,7
78165,0,1,0,7
78168,0,1,0,7
78172,0,2,0,7
78217,0,1,0,7
78220,0,1,0,7
78224,0,2,0,7
78242,0,1,0,7
78265,0,1,0,7
78267,0,1,0,7
78269,0,1,0,7
78299,0,1,0,7
78310,0,1,0,7
78311,0,1,0,7
78314,0,1,0,7
78322,0,3,0,7
78327,0,1,0,7
78335,0,1,0,7
78350,0,1,0,7
78358,0,1,0,7
78361,0,2,0,7
78368,0,0,1,4
78372,0,1,0,7
78380,0,1,0,7
78389,0,1,0,7
78401,0,1,0,7
78423,0,1,0,7
78440,0,1,0,7
78451,0,0,1,4
78465,0,1,0,7
78486,0,1,0,7
78490,0,2,0,7
78498,0,1,0,7
78517,0,1,0,7
78531,0,1,0,7
78545,0,1,0,7
78551,0,2,0,7
78575,0,1,0,7
78586,0,1,0,7
78605,0,1,0,7
78621,0,1,0,7
78624,0,1,0,7
78638,0,1,0,7
78642,0,2,0,7
78644,0,1,0,7
78646,0,5,0,7
78650,0,2,0,7
78672,0,1,0,7
78683,0,1,0,7
78686,0,3,0,7
91016,0,1,0,7
91021,0,1,0,7
91027,0,1,0,7
91045,0,1,0,7
91064,0,1,0,7
91069,0,0,1,4
91097,0,1,0,7
91099,0,1,0,7
91103,0,1,0,7
91105,0,2,0,7
91114,0,1,0,7
91121,0,0,1,4
91122,0,2,0,7
91132,0,1,0,7
91161,0,1,0,7
91174,0,3,0,7
91179,0,0,2,4
91200,0,2,0,7
91207,0,1,0,7
91216,0,2,0,7
91223,0,2,0,7
91226,0,1,0,7
91228,0,3,0,7
91232,0,1,0,7
91272,0,2,0,7
91286,0,1,0,7
91294,0,0,1,4
91312,0,1,0,7
91326,0,1,0,7
91330,0,2,0,7
91345,0,2,0,7
91359,0,1,0,7
91376,0,1,0,7
91377,1,2,0,10
91386,0,1,0,7
91414,0,0,1,4
91421,0,1,0,7
91457,0,1,0,7
91471,0,2,0,7
91477,0,3,0,7
91521,0,3,0,7
91540,0,1,0,7
91549,0,1,0,7
91570,0,1,0,7
91589,0,1,0,7
91593,0,0,1,4
91657,0,1,0,7
91659,0,1,0,7
91687,0,1,0,7
91691,0,1,0,7
92002,0,6,0,7
92004,0,1,0,7
92009,0,2,0,7
92014,0,1,0,7
92022,0,2,0,7
92023,0,1,0,7
92025,0,2,0,7
92026,0,2,0,7
92032,0,1,0,7
92033,0,1,0,7
92035,0,1,0,7
92036,0,2,0,7
92040,0,2,0,7
92044,0,1,0,7
92048,0,3,0,7
92050,0,3,0,7
92062,0,2,0,7
92063,0,1,0,7
92064,0,2,0,7
92071,0,2,0,7
92072,0,2,0,7
92073,0,1,0,7
92075,0,1,0,7
92076,0,1,0,7
93005,0,1,0,7
93007,0,1,0,7
93010,0,1,0,7
93013,0,1,0,7
93027,0,1,0,7
93029,0,1,0,7
93031,0,2,0,7
93032,0,2,0,7
93049,0,1,0,7
93051,0,3,0,7
93053,0,1,0,7
93055,0,1,0,7
93059,0,1,0,7
93064,0,2,0,7
93066,0,3,0,7
93070,0,1,0,7
93071,0,2,0,7
93073,0,1,0,7
93077,0,1,0,7
93078,0,3,0,7
94001,0,1,0,7
94002,0,1,0,7
94003,0,1,0,7
94004,0,1,0,7
94015,0,1,0,7
94016,0,2,0,7
94017,0,1,0,7
94022,0,1,0,7
94028,0,0,1,4
94033,0,2,0,7
94037,0,1,0,7
94041,0,1,0,7
94042,0,1,0,7
94046,0,1,0,7
94052,0,2,0,7
94054,0,2,0,7
94065,0,1,0,7
94068,0,4,0,7
94071,0,1,0,7
94073,0,1,0,7
94077,0,1,0,7
94078,0,2,0,7
94079,0,1,0,7
94080,0,1,0,7
94081,0,2,0,7
95018,0,2,0,7
95019,0,1,0,7
95039,0,1,1,7
95051,0,1,0,7
95056,0,1,0,7
95060,0,1,0,7
95078,0,1,0,7
95091,0,1,0,7
95116,0,0,1,4
95120,0,1,0,7
95127,0,3,0,7
95134,0,1,0,7
95142,0,1,0,7
95176,0,1,0,7
95197,0,2,0,7
95199,0,1,0,7
95210,0,1,0,7
95218,0,1,0,7
95219,0,4,0,7
95229,0,1,0,7
95250,0,1,0,7
95252,0,1,0,7
95256,0,1,0,7
95257,0,1,0,7
95268,0,1,0,7
95280,0,2,0,7
95288,0,1,0,7
95306,0,1,0,7
95351,0,1,0,7
95352,0,1,0,7
95392,0,1,0,7
95394,0,1,0,7
95422,0,0,1,4
95430,0,1,0,7
95450,0,1,0,7
95452,0,1,0,7
95476,0,1,0,7
95480,0,1,0,7
95487,0,1,0,7
95488,0,1,0,7
95500,0,1,0,7
95504,0,1,0,7
95527,1,0,0,10
95539,0,1,0,7
95555,0,1,0,7
95563,0,1,0,7
95572,0,4,1,7
95582,0,1,0,7
95584,0,0,1,4
95594,0,0,1,4
95598,0,1,0,7
95607,0,2,0,7
95625,0,1,0,7
95652,0,1,0,7
95660,0,0,1,4
18018,0,0,1,4
18027,0,0,1,4
18033,1,0,0,10
18058,0,0,1,4
18096,0,0,1,4
18108,0,0,1,4
18133,0,0,1,4
18138,0,0,1,4
18141,0,0,1,4
18160,0,0,1,4
18172,0,0,1,4
18178,0,0,1,4
18207,0,0,1,4
18213,0,0,1,4
18270,0,0,1,4
18279,0,1,1,7
28006,0,0,1,4
28012,0,0,2,4
28021,0,0,1,4
28051,0,0,1,4
28061,0,0,1,4
28062,0,1,0,7
28085,0,1,0,7
28088,0,0,1,4
28103,0,0,1,4
28116,0,1,0,7
28134,0,1,0,7
28140,0,1,0,7
28196,0,1,0,7
28201,0,1,0,7
28214,0,1,0,7
28218,0,0,1,4
28225,0,0,1,4
28227,0,1,0,7
28280,0,1,0,7
28302,0,0,1,4
28317,0,0,1,4
28325,0,0,1,4
28337,0,0,1,4
28357,0,1,0,7
28358,0,0,1,4
28367,0,0,1,4
28391,0,1,0,7
28422,0,0,1,4
36006,0,1,0,7
36034,0,0,1,4
36044,1,0,0,10
36070,0,0,1,4
36088,0,1,0,7
36101,0,0,1,4
36140,0,0,1,4
36161,0,0,1,4
36171,0,0,1,4
36199,0,0,1,4
36219,0,0,1,4
36228,0,0,1,4
36229,0,0,1,4
37003,0,1,0,7
37014,0,0,1,4
37018,0,0,1,4
37045,0,0,1,4
37049,0,0,1,4
37058,0,0,1,4
37063,0,0,1,4
37070,0,0,1,4
37072,0,1,0,7
37074,0,1,0,7
37077,0,0,1,4
37083,0,1,0,7
37085,0,0,1,4
37091,0,1,0,7
37099,0,0,1,4
37104,0,0,1,4
37122,0,0,2,4
37123,0,1,0,7
37131,0,0,1,4
37132,0,1,0,7
37142,0,0,1,4
37153,0,0,1,4
37154,0,0,1,4
37156,0,0,3,4
37159,0,1,0,7
37167,0,0,1,4
37171,0,0,1,4
37172,0,0,1,4
37176,0,0,1,4
37192,0,0,1,4
37200,0,0,1,4
37206,0,0,1,4
37214,0,0,1,4
37219,0,0,1,4
37225,0,0,1,4
37231,0,0,1,4
37232,0,0,1,4
37233,1,0,0,10
37243,0,0,1,4
37261,1,0,0,10
37266,0,0,1,4
37278,0,0,1,4
41018,1,0,0,10
41047,0,0,1,4
41051,0,0,1,4
41055,0,0,1,4
41084,0,0,1,4
41095,0,0,1,4
41097,0,0,3,4
41106,0,1,0,7
41118,0,0,1,4
41134,0,0,1,4
41135,0,0,1,4
41136,0,1,0,7
41151,0,0,1,4
41161,0,0,1,4
41164,0,0,1,4
41167,0,1,1,7
41175,0,0,1,4
41185,0,0,1,4
41194,0,1,1,7
41199,0,0,1,4
41232,0,1,0,7
41241,0,0,1,4
41242,0,0,1,4
41252,0,0,1,4
41256,0,0,1,4
41258,0,0,1,4
41269,0,0,1,4
41280,0,0,1,4
41282,0,0,1,4
41294,1,0,0,10
45008,0,0,1,4
45024,0,0,1,4
45028,0,1,0,7
45037,0,0,1,4
45053,0,0,1,4
45062,0,0,1,4
45067,0,0,1,4
45075,0,0,1,4
45093,0,0,1,4
45127,0,0,1,4
45146,0,1,0,7
45147,1,0,0,10
45148,0,0,1,4
45155,0,1,0,7
45191,0,0,1,4
45203,0,1,0,7
45208,0,1,0,7
45229,0,0,1,4
45234,1,0,0,10
45269,0,0,1,4
45272,0,0,1,4
21005,0,0,1,4
21054,0,1,0,7
21080,0,0,1,4
21103,0,0,1,4
21107,0,0,1,4
21183,0,0,1,4
21194,0,0,1,4
21231,1,1,0,10
21290,0,0,1,4
21292,0,1,0,7
21295,0,0,1,4
21297,0,0,1,4
21339,0,0,1,4
21353,0,0,1,4
21356,0,0,1,4
21373,0,0,1,4
21383,0,1,0,7
21412,0,0,1,4
21425,0,1,0,7
21464,0,1,0,7
21473,0,0,1,4
21475,0,0,1,4
21535,0,0,1,4
21555,0,0,1,4
21577,0,0,1,4
21582,0,0,1,4
21585,0,0,1,4
21607,0,0,1,4
21627,0,0,1,4
21639,0,1,0,7
21661,0,0,1,4
21663,0,1,0,7
21670,0,0,1,4
25021,0,0,1,4
25035,1,0,0,10
25039,0,0,1,4
25047,0,1,0,7
25056,1,0,1,10
25105,0,0,1,4
25156,0,0,1,4
25159,0,0,1,4
25195,0,0,1,4
25197,0,0,1,4
25212,0,0,1,4
25222,0,0,1,4
25258,0,0,1,4
25259,0,1,0,7
25271,0,0,1,4
25305,0,0,1,4
25315,0,0,1,4
25320,0,0,1,4
25323,0,0,1,4
25336,0,0,1,4
25364,0,0,1,4
25388,0,1,0,7
25397,0,0,1,4
25410,0,0,1,4
25411,0,1,0,7
25429,0,0,1,4
25462,0,1,0,7
25493,0,0,1,4
25495,0,0,1,4
25515,0,0,1,4
25527,0,1,0,7
25532,0,0,1,4
25564,0,0,1,4
25578,0,1,1,7
25632,0,0,1,4
39009,0,0,1,4
39013,0,0,1,4
39097,0,0,2,4
39126,0,0,1,4
39129,0,0,1,4
39173,0,0,1,4
39198,0,1,0,7
39199,0,0,1,4
39300,0,1,0,7
39350,0,0,1,4
39367,0,0,1,4
39368,0,0,1,4
39370,0,1,0,7
39396,0,0,1,4
39434,0,0,1,4
39451,0,0,1,4
39475,0,0,1,4
39478,0,0,1,4
39487,0,0,1,4
39489,0,0,1,4
58025,0,0,1,4
58046,0,0,1,4
58057,0,0,1,4
58059,0,1,0,7
58079,0,0,1,4
58083,0,0,1,4
58086,0,1,0,7
58095,0,0,1,4
58117,0,0,1,4
58121,0,0,1,4
58134,0,0,1,4
58149,0,0,1,4
58155,0,0,1,4
58164,0,0,1,4
58194,1,0,1,10
58214,0,0,1,4
58215,0,0,1,4
58225,0,0,1,4
58264,0,0,1,4
58286,0,0,1,4
58295,0,0,1,4
58298,0,0,1,4
58303,0,0,2,4
70120,0,0,1,4
70171,0,0,1,4
70285,0,1,0,7
70310,0,1,0,7
70311,0,0,1,4
70451,0,0,1,4
70550,0,1,0,7
71022,0,0,1,4
71040,0,0,1,4
71073,0,1,0,7
71076,0,1,0,7
71090,0,0,1,4
71120,0,0,1,4
71122,0,0,1,4
71132,0,0,1,4
71150,0,0,1,4
71153,0,1,0,7
71176,0,0,1,4
71187,1,0,0,10
71192,0,0,1,4
71202,0,0,1,4
71212,0,0,1,4
71220,0,0,1,4
71263,0,0,1,4
71270,1,1,0,10
71282,0,0,1,4
71295,0,0,1,4
71297,0,0,1,4
71306,0,0,1,4
71310,0,0,1,4
71342,0,1,0,7
71372,0,0,1,4
71378,0,0,1,4
71382,0,0,1,4
71442,0,0,1,4
71482,0,0,2,4
71486,0,0,1,4
71512,0,0,1,4
71513,0,0,1,4
71543,0,1,0,7
71591,0,0,1,4
89015,0,0,1,4
89024,0,1,0,7
89025,0,0,1,4
89030,0,0,1,4
89074,0,0,1,4
89077,0,0,1,4
89091,0,0,1,4
89096,0,0,1,4
89129,0,0,1,4
89160,0,0,1,4
89190,0,0,1,4
89206,0,1,0,7
89237,0,0,1,4
89257,0,1,0,7
89263,0,0,1,4
89280,0,0,1,4
89309,0,1,0,7
89348,0,0,1,4
89387,0,1,0,7
89418,0,1,0,7
89439,0,0,1,4
89441,0,0,1,4
89460,0,1,0,7
89464,0,0,1,4
89478,0,0,1,4
90010,0,1,1,7
90032,0,0,1,4
90033,0,0,1,4
90042,0,0,1,4
90053,0,0,1,4
90056,0,0,1,4
90068,1,0,1,10
90071,0,0,1,4
90072,0,0,1,4
14026,0,0,1,4
14047,0,1,0,7
14079,0,0,1,4
14118,1,0,0,10
14220,1,0,0,10
14225,0,0,2,4
14287,0,0,1,4
14338,0,0,1,4
14366,1,0,1,10
14367,0,1,0,7
14370,0,0,1,4
14431,0,1,0,7
14456,0,0,1,4
14514,0,1,0,7
14610,0,0,1,4
14654,0,0,1,4
14754,0,0,1,4
14762,0,0,1,4
27008,0,0,1,4
27022,0,1,0,7
27051,0,0,1,4
27056,0,1,0,7
27082,0,0,1,4
27105,0,0,1,4
27116,0,0,1,4
27119,0,1,0,7
27165,0,1,0,7
27229,1,0,0,10
27284,0,1,0,7
27438,0,0,1,4
27492,0,0,1,4
27622,0,0,1,4
27679,0,1,0,7
27681,1,0,0,10
27701,0,1,0,7
50025,0,0,1,4
50099,0,1,0,7
50129,1,0,0,10
50147,0,1,0,7
50188,0,0,1,4
50218,0,1,0,7
50410,0,0,1,4
50502,0,1,0,7
50615,0,1,0,7
50639,0,0,1,4
61001,0,1,0,7
61006,0,1,0,7
61061,0,0,1,4
61063,0,0,1,4
61101,0,0,1,4
61116,0,0,1,4
61169,0,1,0,7
61214,0,1,0,7
61389,0,0,1,4
61464,0,0,1,4
61484,0,0,1,4
76034,0,1,0,7
76035,0,0,1,4
76057,0,1,0,7
76101,0,0,1,4
76141,0,1,0,7
76179,0,1,0,7
76217,0,1,0,7
76238,0,0,1,4
76245,0,1,0,7
76250,0,0,1,4
76255,0,0,1,4
76259,0,1,0,7
76260,0,0,1,4
76279,0,0,1,4
76341,0,0,2,4
76351,1,0,1,10
76366,0,0,1,4
76394,0,0,1,4
76397,0,0,1,4
76445,0,0,1,4
76447,0,0,2,4
76453,0,0,1,4
76456,0,0,1,4
76474,0,0,1,4
76484,0,1,0,7
76495,0,1,0,7
76534,0,0,1,4
76540,1,0,0,10
76561,0,1,0,7
76565,0,0,1,4
76575,0,0,1,4
76596,0,0,1,4
76602,0,0,1,4
76672,0,0,1,4
76678,0,0,1,4
76681,0,0,1,4
76705,0,0,1,4
76711,0,0,1,4
76738,0,0,1,4
76758,0,1,0,7
02013,0,0,1,4
02095,0,1,0,7
02168,0,1,0,7
02173,0,1,0,7
02186,0,0,1,4
02196,0,0,1,4
02216,0,0,1,4
02218,0,0,1,4
02232,0,0,1,4
02238,0,0,1,4
02243,0,0,1,4
02304,0,1,0,7
02307,0,0,1,4
02315,0,0,1,4
02334,0,0,1,4
02360,0,1,0,7
02381,0,1,1,7
02408,0,1,0,7
02438,0,0,1,4
02464,0,0,1,4
02474,0,0,1,4
02504,0,0,1,4
02555,0,0,1,4
02602,0,0,1,4
02676,0,0,1,4
02691,0,1,0,7
02722,0,1,0,7
02738,0,1,0,7
02761,0,0,1,4
02768,0,0,1,4
02788,0,0,1,4
02799,0,0,1,4
02810,0,1,0,7
02820,0,0,1,4
59009,0,0,3,4
59012,0,0,1,4
59015,0,0,1,4
59017,0,1,0,7
59018,0,1,0,7
59026,0,0,1,4
59033,0,1,0,7
59035,0,0,1,4
59036,0,1,0,7
59043,0,1,1,7
59044,0,0,1,4
59051,0,1,0,7
59052,0,1,0,7
59054,0,1,0,7
59067,0,1,0,7
59068,0,0,1,4
59074,0,0,1,4
59079,0,0,1,4
59092,0,0,1,4
59094,0,0,1,4
59118,0,0,1,4
59122,0,1,0,7
59126,0,0,1,4
59136,0,0,1,4
59138,0,0,1,4
59139,0,1,0,7
59155,0,0,1,4
59163,0,0,1,4
59172,0,0,1,4
59177,0,0,1,4
59178,1,0,0,10
59183,1,0,0,10
59184,0,0,1,4
59206,0,0,1,4
59210,0,1,0,7
59234,0,0,1,4
59249,0,1,0,7
59256,0,0,1,4
59271,0,0,1,4
59273,0,0,1,4
59286,0,0,1,4
59291,0,0,1,4
59295,0,1,0,7
59311,0,0,1,4
59322,0,0,1,4
59324,0,0,1,4
59330,0,0,1,4
59331,0,0,1,4
59343,0,1,0,7
59344,0,0,1,4
59350,2,1,4,10
59353,0,0,1,4
59360,0,0,1,4
59365,0,0,1,4
59368,0,0,1,4
59388,0,0,1,4
59392,0,1,1,7
59414,0,1,0,7
59431,0,0,1,4
59435,0,0,1,4
59449,0,1,0,7
59450,0,0,1,4
59452,0,1,0,7
59457,0,0,1,4
59462,0,1,0,7
59475,0,0,1,4
59481,0,1,0,7
59491,0,0,1,4
59495,0,0,1,4
59497,0,0,1,4
59504,0,0,1,4
59507,0,0,1,4
59511,0,0,1,4
59512,0,1,0,7
59514,0,0,1,4
59524,0,1,0,7
59525,0,0,1,4
59526,0,1,0,7
59527,0,0,1,4
59534,0,0,1,4
59550,0,0,1,4
59553,0,0,1,4
59560,0,1,0,7
59569,0,0,1,4
59574,0,1,0,7
59578,0,0,1,4
59582,0,0,1,4
59585,0,0,1,4
59586,0,1,1,7
59590,0,0,1,4
59599,1,0,0,10
59603,0,1,1,7
59606,1,0,0,10
59632,0,0,1,4
59635,0,0,1,4
59646,0,0,1,4
59653,0,1,1,7
60001,0,0,1,4
60021,0,0,1,4
60034,0,0,1,4
60039,0,0,1,4
60044,0,0,1,4
60057,0,1,0,7
60065,0,0,1,4
60086,0,0,1,4
60088,0,1,0,7
60116,0,1,0,7
60139,0,1,0,7
60141,0,1,0,7
60143,0,1,0,7
60149,0,0,1,4
60155,0,0,1,4
60157,0,1,0,7
60173,0,0,1,4
60175,0,1,0,7
60176,0,1,0,7
60218,0,0,1,4
60223,0,0,1,4
60233,0,0,1,4
60245,0,0,1,4
60248,0,0,1,4
60268,0,0,1,4
60286,0,0,1,4
60307,0,0,1,4
60310,0,0,1,4
60325,0,0,1,4
60330,0,0,1,4
60342,0,1,0,7
60356,0,0,1,4
60361,0,0,1,4
60368,0,0,1,4
60369,0,0,1,4
60380,0,0,1,4
60382,1,0,0,10
60387,0,0,1,4
60395,0,1,0,7
60402,0,0,1,4
60403,0,0,1,4
60414,0,0,1,4
60426,0,0,1,4
60446,0,1,0,7
60471,0,1,0,7
60479,0,0,1,4
60482,0,1,1,7
60492,0,0,1,4
60500,0,1,0,7
60509,0,1,0,7
60513,0,0,1,4
60524,0,1,0,7
60531,0,0,1,4
60537,0,0,1,4
60539,0,1,0,7
60542,0,0,1,4
60581,0,1,0,7
60584,0,0,1,4
60590,0,0,1,4
60595,0,0,1,4
60598,0,1,0,7
60616,0,0,1,4
60636,0,0,1,4
60643,0,0,1,4
60644,0,0,1,4
60684,0,0,1,4
60685,0,0,1,4
60698,0,0,1,4
62005,0,0,1,4
62036,0,0,1,4
62038,0,0,1,4
62041,1,0,0,10
62045,0,0,1,4
62046,0,0,1,4
62050,0,0,1,4
62057,0,1,0,7
62065,0,0,1,4
62073,0,0,1,4
62100,0,0,1,4
62119,0,1,0,7
62126,0,0,1,4
62128,0,0,1,4
62133,0,1,0,7
62138,0,0,1,4
62151,0,0,1,4
62160,0,2,0,7
62173,0,0,1,4
62177,0,0,1,4
62186,0,1,0,7
62191,0,0,1,4
62193,0,1,2,7
62194,0,0,1,4
62197,0,0,1,4
62201,0,0,1,4
62224,0,0,1,4
62240,0,0,1,4
62248,0,0,1,4
62262,0,0,1,4
62274,0,1,0,7
62297,0,0,1,4
62318,0,1,0,7
62324,0,0,1,4
62329,0,0,1,4
62349,0,0,1,4
62360,1,0,0,10
62363,0,0,1,4
62407,0,0,1,4
62427,0,1,0,7
62446,0,0,1,4
62447,0,0,1,4
62473,0,1,0,7
62497,0,1,0,7
62498,0,1,1,7
62510,0,0,1,4
62516,0,1,0,7
62523,0,0,1,4
62552,0,0,1,4
62555,0,0,1,4
62557,0,0,1,4
62563,0,0,1,4
62570,0,0,1,4
62573,0,0,1,4
62588,0,0,1,4
62604,0,0,1,4
62617,0,0,1,4
62621,0,0,1,4
62657,0,0,1,4
62666,0,0,1,4
62688,0,1,0,7
62711,0,1,0,7
62718,0,0,1,4
62730,0,0,1,4
62746,0,0,1,4
62765,0,1,0,7
62767,0,1,0,7
62771,0,0,2,4
62785,0,0,1,4
62820,0,0,1,4
62861,0,0,1,4
62865,0,0,1,4
62894,0,0,1,4
62907,0,1,0,7
80001,0,1,0,7
80010,0,1,0,7
80011,0,1,0,7
80016,0,1,0,7
80021,1,0,1,10
80036,0,0,1,4
80131,0,1,1,7
80151,0,0,1,4
80186,0,0,1,4
80212,0,1,0,7
80246,0,0,1,4
80256,0,0,1,4
80288,1,0,0,10
80299,0,0,1,4
80416,0,0,1,4
80426,0,0,1,4
80488,0,1,0,7
80507,0,0,1,4
80530,0,0,1,4
80549,0,0,1,4
80561,0,1,0,7
80570,0,1,0,7
80579,0,1,0,7
80582,0,0,1,4
80585,0,0,1,4
80600,0,0,1,4
80622,0,0,1,4
80625,0,0,1,4
80630,0,1,0,7
80635,0,0,1,4
80680,0,1,0,7
80688,0,1,0,7
80752,0,0,1,4
80799,0,1,0,7
08011,0,0,1,4
08028,0,0,1,4
08081,0,1,1,7
08090,0,0,1,4
08105,0,1,1,7
08139,0,0,1,4
08142,0,0,1,4
08166,0,0,1,4
08185,0,0,1,4
08190,0,0,1,4
08222,0,0,1,4
08237,0,0,1,4
08242,0,0,1,4
08262,0,0,1,4
08263,0,0,1,4
08327,0,0,1,4
08328,0,0,1,4
08341,0,0,1,4
08362,0,1,0,7
08363,0,1,0,7
08409,0,1,0,7
08486,0,0,1,4
08492,0,0,1,4
10033,0,0,1,4
10268,0,1,0,7
10323,0,1,0,7
10387,1,0,0,10
10401,0,0,1,4
51028,0,0,1,4
51030,0,0,1,4
51043,0,1,0,7
51058,1,0,0,10
51086,0,0,1,4
51108,0,1,0,7
51183,0,0,1,4
51217,0,1,0,7
51230,0,1,0,7
51250,0,1,0,7
51266,0,0,1,4
51308,0,0,1,4
51329,0,0,1,4
51337,0,0,1,4
51389,0,0,1,4
51391,0,0,1,4
51449,0,0,1,4
51454,1,0,2,10
51461,0,0,1,4
51530,0,0,1,4
51571,0,0,1,4
51649,0,1,0,7
52058,0,0,1,4
52121,0,1,0,7
52123,0,0,1,4
52155,0,0,1,4
52175,0,0,1,4
52211,0,0,1,4
52250,0,0,1,4
52269,0,0,1,4
52448,0,1,0,7
52524,0,0,1,4
54028,0,0,1,4
54029,0,0,1,4
54035,0,0,1,4
54038,0,0,1,4
54039,0,1,0,7
54060,0,0,1,4
54065,0,0,1,4
54115,0,0,1,4
54125,0,0,1,4
54152,0,1,0,7
54157,0,1,0,7
54159,0,2,0,7
54175,0,0,1,4
54199,0,0,1,4
54202,0,0,1,4
54205,0,0,1,4
54215,0,0,1,4
54253,0,0,1,4
54263,0,0,1,4
54265,0,0,1,4
54273,0,1,0,7
54274,0,0,1,4
54280,0,0,1,4
54300,0,0,1,4
54318,0,0,1,4
54322,0,0,1,4
54323,0,1,0,7
54328,0,0,1,4
54329,0,1,0,7
54351,0,0,1,4
54366,0,0,1,4
54383,0,0,1,4
54395,1,0,0,10
54397,0,0,1,4
54410,0,0,1,4
54415,0,1,0,7
54430,0,0,1,4
54431,0,1,0,7
54432,0,0,1,4
54472,0,0,1,4
54519,0,0,1,4
54528,0,1,0,7
54542,0,0,1,4
54546,0,0,1,4
54549,0,1,0,7
54585,0,1,0,7
55029,0,1,0,7
55122,0,1,0,7
55158,0,0,1,4
55181,0,0,1,4
55254,1,0,0,10
55288,0,0,1,4
55351,0,0,1,4
55372,0,0,1,4
55398,0,0,1,4
55427,0,0,1,4
55545,0,1,0,7
57019,0,0,1,4
57021,0,0,1,4
57026,0,0,1,4
57032,0,1,0,7
57060,0,0,1,4
57061,0,1,0,7
57066,0,0,1,4
57156,0,0,1,4
57207,0,0,1,4
57208,0,0,1,4
57209,0,1,0,7
57227,0,1,0,7
57283,0,1,0,7
57287,0,0,1,4
57306,0,0,1,4
57319,0,0,1,4
57323,0,1,0,7
57332,0,0,1,4
57340,0,0,1,4
57355,0,0,1,4
57370,0,0,1,4
57422,1,0,0,10
57427,0,0,1,4
57433,0,1,1,7
57437,0,0,1,4
57463,1,0,1,10
57483,0,0,1,4
57491,0,0,1,4
57515,0,1,0,7
57534,0,0,1,4
57566,0,0,1,4
57572,0,1,0,7
57591,0,0,1,4
57627,0,0,1,4
57630,0,1,0,7
57631,0,1,0,7
57650,0,0,1,4
57668,0,0,1,4
57672,1,0,0,10
57683,0,1,0,7
57690,0,1,0,7
57751,0,1,0,7
67021,0,1,0,7
67025,0,0,1,4
67028,0,1,0,7
67045,0,1,0,7
67046,0,1,0,7
67059,0,0,1,4
67067,0,1,1,7
67080,0,1,0,7
67084,0,0,1,4
67089,0,1,0,7
67095,0,1,0,7
67101,0,1,0,7
67106,0,1,0,7
67108,0,1,0,7
67115,0,0,1,4
67120,0,0,1,4
67124,0,1,0,7
67125,0,0,1,4
67130,0,1,0,7
67144,0,0,1,4
67151,0,1,0,7
67152,0,0,2,4
67155,0,0,1,4
67164,0,0,1,4
67168,0,1,0,7
67176,0,0,1,4
67180,0,1,1,7
67194,0,1,0,7
67200,0,0,1,4
67202,0,1,0,7
67204,0,0,1,4
67205,0,1,0,7
67206,0,0,1,4
67222,0,1,0,7
67237,0,0,1,4
67246,0,0,1,4
67252,0,0,1,4
67261,0,0,1,4
67267,0,0,2,4
67268,0,1,0,7
67285,0,0,1,4
67291,0,0,1,4
67299,0,0,1,4
67300,0,1,1,7
67301,0,1,0,7
67305,0,0,1,4
67306,0,1,0,7
67308,0,0,1,4
67309,0,0,1,4
67313,0,1,0,7
67324,0,1,0,7
67347,0,1,0,7
67348,0,1,0,7
67355,0,0,1,4
67388,0,1,0,7
67400,0,0,1,4
67405,0,0,1,4
67411,0,1,0,7
67414,0,1,0,7
67418,0,0,1,4
67421,0,0,1,4
67424,0,0,1,4
67437,0,1,0,7
67445,0,0,1,4
67447,0,0,1,4
67448,0,1,0,7
67458,0,0,1,4
67460,0,0,1,4
67462,0,1,0,7
67463,0,0,1,4
67465,0,0,1,4
67474,0,1,0,7
67478,0,0,1,4
67482,1,1,0,10
67487,0,0,1,4
67491,0,0,1,4
67500,0,1,1,7
67506,0,1,0,7
67511,0,0,1,4
67519,0,0,1,4
67529,0,1,0,7
67534,0,0,1,4
67538,0,1,0,7
67543,0,1,1,7
67544,0,1,0,7
68004,0,1,0,7
68020,0,0,1,4
68021,0,1,0,7
68040,0,0,1,4
68043,0,1,0,7
68051,0,0,1,4
68063,0,1,0,7
68066,1,0,2,10
68068,0,0,1,4
68089,0,0,2,4
68109,0,0,1,4
68118,0,1,0,7
68134,0,0,1,4
68152,0,0,1,4
68171,0,0,1,4
68193,0,0,1,4
68195,0,0,1,4
68203,0,0,1,4
68204,0,0,1,4
68215,0,0,1,4
68217,0,0,1,4
68223,0,0,1,4
68224,1,1,0,10
68226,0,1,1,7
68247,0,0,1,4
68260,0,0,1,4
68262,0,0,1,4
68278,0,1,0,7
68287,0,1,0,7
68292,0,0,1,4
68297,0,1,1,7
68309,0,1,0,7
68321,0,0,1,4
68334,0,2,1,7
68338,0,0,2,4
68348,0,1,1,7
68356,0,0,1,4
68368,0,0,1,4
68372,0,0,1,4
68374,0,0,3,4
68375,0,0,1,4
68384,0,0,2,4
88011,0,0,1,4
88078,0,0,1,4
88090,0,1,0,7
88108,0,0,1,4
88114,0,0,1,4
88158,0,0,1,4
88160,0,1,0,7
88165,0,0,1,4
88247,0,0,1,4
88321,0,0,1,4
88327,0,1,0,7
88355,0,0,1,4
88358,0,0,1,4
88361,0,0,1,4
88372,0,1,0,7
88383,0,1,0,7
88413,0,1,0,7
88428,0,0,1,4
88429,0,0,1,4
88465,0,1,0,7
88516,0,0,1,4
88530,0,0,1,4
44001,0,0,1,4
44003,0,1,0,7
44010,0,0,1,4
44012,0,0,1,4
44018,0,0,1,4
44021,0,0,1,4
44022,0,0,1,4
44028,0,0,1,4
44035,0,1,3,7
44036,0,0,1,4
44043,0,1,0,7
44045,0,0,1,4
44047,0,0,1,4
44049,0,1,0,7
44052,0,0,1,4
44053,0,0,1,4
44055,1,0,1,10
44064,0,0,1,4
44067,0,0,1,4
44070,0,1,0,7
44075,0,0,1,4
44087,0,0,1,4
44092,0,0,1,4
44094,0,0,1,4
44103,0,0,1,4
44106,0,0,1,4
44109,1,0,2,10
44110,0,1,0,7
44115,0,1,0,7
44117,0,1,0,7
44129,0,1,0,7
44131,0,0,1,4
44132,0,1,0,7
44133,0,0,1,4
44135,0,0,1,4
44143,0,1,0,7
44158,0,0,1,4
44161,0,0,1,4
44162,0,0,1,4
44164,0,0,1,4
44184,1,0,2,10
44186,0,1,0,7
44190,0,0,2,4
44195,0,1,0,7
44196,0,0,1,4
44201,0,1,0,7
44204,0,0,1,4
44213,0,0,1,4
44215,0,1,0,7
49007,1,0,1,10
49048,0,0,1,4
49063,0,1,0,7
49068,0,0,1,4
49092,0,1,0,7
49099,0,1,0,7
49132,0,0,1,4
49160,0,0,1,4
49201,0,1,0,7
49215,0,0,1,4
49220,0,0,1,4
49247,0,1,0,7
49261,0,0,1,4
49301,0,0,1,4
49307,0,0,2,4
49328,0,1,0,7
49329,0,0,1,4
49347,0,1,0,7
49353,0,0,1,4
53043,0,0,1,4
53097,0,1,0,7
53103,0,0,1,4
53130,1,0,0,10
53163,0,0,1,4
53182,0,0,1,4
53247,0,0,1,4
53276,0,0,1,4
72008,0,0,1,4
72013,0,0,1,4
72031,0,1,0,7
72038,0,0,1,4
72054,0,0,1,4
72071,0,1,0,7
72089,0,0,1,4
72119,0,0,1,4
72124,0,1,0,7
72132,0,1,0,7
72138,0,0,1,4
72147,0,0,1,4
72181,1,1,0,10
72191,0,0,1,4
72205,0,0,1,4
72217,0,0,1,4
72223,0,0,1,4
72241,0,0,1,4
72264,0,1,0,7
72287,0,0,1,4
72300,0,0,1,4
72334,0,1,0,7
72346,0,1,0,7
72349,0,0,1,4
72364,0,0,1,4
72380,0,0,1,4
72381,0,0,1,4
85019,0,0,1,4
85034,0,0,1,4
85046,0,0,1,4
85047,0,1,0,7
85051,0,0,1,4
85076,0,0,1,4
85093,0,0,1,4
85108,0,0,1,4
85128,0,0,1,4
85140,0,0,1,4
85146,0,1,0,7
85152,0,0,1,4
85191,0,1,0,7
85194,0,1,1,7
85222,0,0,1,4
85226,0,0,1,4
22013,0,0,1,4
22020,0,0,1,4
22025,0,0,2,4
22032,0,0,1,4
22050,0,0,1,4
22052,0,0,1,4
22067,0,0,1,4
22070,0,1,0,7
22093,0,1,0,7
22105,0,0,1,4
22113,0,1,0,7
22128,0,0,1,4
22135,0,0,1,4
22144,0,0,1,4
22162,0,0,1,4
22185,0,0,1,4
22193,0,0,1,4
22197,0,0,1,4
22206,0,0,1,4
22207,0,0,1,4
22212,0,0,1,4
22216,0,0,1,4
22227,0,0,1,4
22233,0,0,3,4
22234,0,0,1,4
22249,0,0,2,4
22250,0,0,2,4
22278,1,0,0,10
22327,0,0,1,4
22338,0,0,1,4
22389,0,0,1,4
29004,0,0,1,4
29019,1,0,0,10
29024,0,0,1,4
29026,0,0,1,4
29056,0,0,1,4
29074,0,0,1,4
29103,0,1,0,7
29105,0,1,0,7
29140,0,0,1,4
29151,1,0,0,10
29163,0,0,1,4
29199,0,0,1,4
29232,1,0,0,10
29233,0,1,0,7
29235,0,0,1,4
29237,0,0,1,4
29241,0,1,0,7
29266,0,0,1,4
29302,0,0,1,4
35024,0,0,1,4
35029,0,0,1,4
35040,0,0,1,4
35047,0,1,1,7
35051,0,1,0,7
35068,0,1,0,7
35079,0,0,1,4
35085,0,1,0,7
35088,0,0,1,4
35094,0,0,1,4
35095,0,1,0,7
35116,0,0,1,4
35126,0,1,1,7
35131,0,0,1,4
35136,0,1,0,7
35145,0,0,1,4
35167,0,0,1,4
35176,0,1,0,7
35179,0,0,1,4
35184,0,1,1,7
35188,0,1,0,7
35195,0,1,0,7
35207,0,1,0,7
35221,0,0,1,4
35224,0,0,1,4
35234,0,0,1,4
35236,0,1,0,7
35238,1,1,1,10
35239,0,0,1,4
35250,0,0,1,4
35252,0,0,1,4
35274,0,0,1,4
35281,0,0,1,4
35288,1,0,0,10
35296,0,0,1,4
35299,0,0,1,4
35312,0,0,1,4
35327,0,0,1,4
35333,0,0,1,4
35352,0,0,1,4
35360,0,1,0,7
56007,1,0,0,10
56021,0,0,1,4
56063,0,0,1,4
56083,0,1,0,7
56096,0,0,1,4
56097,0,0,1,4
56121,1,0,0,10
56123,0,0,1,4
56161,0,0,1,4
56168,0,0,2,4
56176,0,0,1,4
56184,0,1,0,7
56186,0,0,1,4
56234,0,0,4,4
56260,1,0,0,10
16015,1,0,0,10
16073,0,0,1,4
16090,0,0,1,4
16102,0,1,0,7
16113,0,0,1,4
16153,0,0,1,4
16196,0,0,1,4
16230,0,0,1,4
16292,0,0,1,4
17010,0,0,1,4
17028,0,0,1,4
17053,0,0,1,4
17074,0,0,1,4
17094,0,0,1,4
17194,0,0,1,4
17197,0,1,0,7
17211,0,0,1,4
17240,0,0,1,4
17283,0,0,1,4
17299,0,1,0,7
17300,1,0,1,10
17306,0,1,0,7
17309,0,0,1,4
17344,0,0,1,4
17347,0,0,1,4
17353,0,0,1,4
17397,0,0,1,4
17400,0,0,1,4
17415,0,1,0,7
17421,0,0,1,4
17434,0,1,0,7
17447,0,0,1,4
17449,0,0,1,4
17474,0,0,1,4
19005,0,0,1,4
19011,0,0,1,4
19031,1,0,0,10
19033,0,0,1,4
19061,0,0,1,4
19073,0,0,1,4
19095,0,0,1,4
19121,0,0,1,4
19124,0,0,1,4
19129,0,0,1,4
19136,0,0,2,4
19143,0,0,1,4
19153,0,0,1,4
19160,0,0,1,4
19182,0,0,1,4
19211,0,0,1,4
19236,0,0,1,4
19272,0,1,0,7
19273,0,0,1,4
19275,0,0,1,4
19276,0,0,1,4
19278,0,0,2,4
19285,0,0,1,4
23001,0,0,1,4
23008,0,0,1,4
23079,0,0,1,4
23096,0,0,1,4
23104,0,0,1,4
23105,0,0,1,4
23124,0,0,1,4
23132,0,0,1,4
23137,0,0,1,4
23149,0,0,1,4
23176,0,1,0,7
23239,0,0,1,4
24002,0,0,1,4
24035,0,0,1,4
24037,0,1,0,7
24053,0,0,2,4
24067,0,0,1,4
24068,0,0,1,4
24115,0,0,1,4
24133,0,0,1,4
24156,0,0,1,4
24172,0,0,1,4
24194,0,0,1,4
24223,0,0,1,4
24225,0,0,1,4
24226,0,0,1,4
24229,0,0,1,4
24245,0,0,1,4
24256,0,0,1,4
24260,0,0,1,4
24294,0,1,0,7
24299,0,1,0,7
24308,0,0,1,4
24309,0,0,1,4
24322,0,1,0,7
24350,0,0,1,4
24370,0,0,1,4
24372,0,1,0,7
24396,0,0,1,4
24442,0,0,1,4
24484,0,0,1,4
24520,0,0,1,4
24538,0,0,1,4
24547,0,0,1,4
24550,0,0,1,4
24551,0,1,0,7
24558,0,0,1,4
24568,0,0,1,4
33003,0,0,2,4
33007,0,0,1,4
33009,0,1,0,7
33018,0,0,1,4
33030,0,0,1,4
33032,0,0,1,4
33037,0,1,0,7
33039,0,0,1,4
33051,0,1,0,7
33056,0,1,0,7
33063,1,0,1,10
33069,0,0,1,4
33075,0,0,1,4
33080,0,0,1,4
33108,0,1,0,7
33111,0,0,1,4
33114,0,0,1,4
33119,0,1,0,7
33120,0,1,0,7
33122,0,1,0,7
33138,0,1,0,7
33143,0,0,1,4
33154,0,0,1,4
33183,0,0,1,4
33187,0,0,1,4
33199,0,2,0,7
33221,0,0,1,4
33227,0,1,0,7
33240,0,0,1,4
33243,0,1,0,7
33256,0,0,1,4
33262,0,0,1,4
33268,0,0,1,4
33281,0,0,1,4
33297,0,0,1,4
33312,0,0,1,4
33314,0,0,1,4
33318,0,2,0,7
33327,0,0,1,4
33334,0,0,1,4
33337,0,0,1,4
33352,0,1,0,7
33366,0,1,0,7
33393,0,0,1,4
33394,0,0,1,4
33397,0,0,1,4
33402,0,1,0,7
33433,0,0,1,4
33435,0,0,1,4
33447,0,0,1,4
33448,0,0,1,4
33463,0,0,1,4
33478,0,1,0,7
33483,0,0,1,4
33492,0,1,0,7
33514,0,0,1,4
33527,0,1,0,7
33529,0,1,0,7
33539,0,0,1,4
33544,0,0,2,4
33550,0,0,1,4
33555,0,1,0,7
40006,0,0,1,4
40036,0,0,1,4
40088,1,0,0,10
40133,0,0,1,4
40134,0,0,1,4
40192,0,1,0,7
40197,0,1,0,7
40209,0,0,1,4
40224,0,0,1,4
40261,0,0,1,4
40274,0,0,1,4
40284,0,1,0,7
40293,0,0,1,4
40332,0,1,0,7
40333,0,0,1,4
47001,1,0,0,10
47004,0,0,1,4
47138,0,0,1,4
47157,0,1,0,7
47179,0,0,1,4
47203,0,0,1,4
47210,0,0,1,4
47233,0,0,1,4
47292,0,0,1,4
47310,0,1,0,7
64061,0,0,1,4
64067,0,0,1,4
64102,1,0,0,10
64104,0,0,1,4
64122,1,0,0,10
64124,0,0,1,4
64126,0,0,1,4
64140,0,0,1,4
64157,0,0,1,4
64160,0,0,1,4
64191,0,0,1,4
64230,0,0,1,4
64249,0,0,1,4
64255,0,0,1,4
64260,0,1,1,7
64279,0,0,1,4
64284,0,0,1,4
64360,0,0,1,4
64400,0,0,1,4
64421,0,0,1,4
64422,0,0,1,4
64430,0,1,0,7
64445,1,0,0,10
64461,0,0,1,4
64483,0,1,0,7
64485,0,0,1,4
64490,0,0,1,4
64506,0,0,1,4
64546,0,0,1,4
64547,0,0,1,4
64558,0,0,1,4
79031,0,0,1,4
79048,0,0,1,4
79049,0,0,1,4
79062,0,0,1,4
79078,0,0,1,4
79125,0,0,1,4
79166,0,0,1,4
79170,0,0,1,4
79191,1,0,0,10
79201,0,0,1,4
79220,0,0,1,4
79246,0,0,1,4
79270,0,1,0,7
79329,0,0,1,4
86003,0,0,1,4
86019,0,0,1,4
86029,0,0,1,4
86062,0,1,1,7
86066,0,1,0,7
86092,0,0,1,4
86095,0,0,1,4
86111,0,0,1,4
86113,0,0,1,4
86115,0,0,1,4
86120,0,0,1,4
86133,0,0,1,4
86139,0,0,1,4
86140,0,0,1,4
86157,0,0,1,4
86165,0,0,1,4
86174,0,0,2,4
86183,0,0,1,4
86194,1,0,0,10
86213,0,0,1,4
86247,0,0,1,4
86293,0,0,1,4
87001,0,0,1,4
87002,0,0,1,4
87011,0,0,1,4
87013,0,0,1,4
87021,0,0,1,4
87027,0,0,1,4
87049,0,0,1,4
87059,0,0,1,4
87064,0,0,1,4
87068,0,0,1,4
87079,0,0,1,4
87085,1,0,1,10
87096,0,0,1,4
87103,0,0,1,4
87105,0,0,1,4
87106,0,0,1,4
87107,0,0,1,4
87118,0,0,1,4
87119,0,0,1,4
87120,0,0,1,4
87129,0,0,1,4
87131,0,0,1,4
87140,0,0,1,4
87142,0,0,1,4
87146,0,0,1,4
87150,0,0,1,4
87154,0,0,1,4
87161,0,0,1,4
87178,0,0,2,4
87181,0,0,1,4
87185,0,0,1,4
87187,0,0,1,4
87203,0,0,1,4
87205,0,0,1,4
09032,0,0,1,4
09070,0,0,1,4
09103,0,0,1,4
09122,0,1,0,7
09131,0,0,1,4
09139,0,0,1,4
09189,0,0,1,4
09225,0,1,0,7
09282,0,1,0,7
09306,0,0,1,4
09324,0,0,1,4
09331,0,0,1,4
11049,0,0,1,4
11069,1,0,0,10
11076,0,1,0,7
11102,0,0,1,4
11106,0,0,1,4
11201,0,0,1,4
11202,0,0,1,4
11203,0,0,1,4
11206,0,0,2,4
11262,1,0,0,10
11266,0,0,1,4
11293,0,0,1,4
12013,0,0,1,4
12047,0,0,1,4
12052,0,0,1,4
12056,0,0,1,4
12083,0,0,1,4
12133,0,0,1,4
12145,0,0,1,4
12155,0,0,1,4
12167,0,0,1,4
12169,0,0,1,4
12202,0,1,0,7
12215,0,0,1,4
12225,0,0,1,4
12243,0,0,1,4
12252,0,0,1,4
12270,0,0,1,4
12282,0,0,1,4
12300,0,0,1,4
12305,0,0,1,4
30003,0,0,1,4
30006,0,0,1,4
30007,0,1,0,7
30028,0,0,1,4
30032,0,0,1,4
30033,0,0,1,4
30046,0,0,2,4
30059,0,0,1,4
30080,0,0,1,4
30112,0,0,1,4
30123,0,0,1,4
30128,0,0,1,4
30130,0,0,1,4
30132,0,0,2,4
30133,0,0,1,4
30155,1,0,0,10
30169,0,0,1,4
30189,1,0,1,10
30202,0,0,1,4
30239,0,0,1,4
30255,0,0,1,4
30276,0,0,1,4
30333,0,0,1,4
30341,0,0,1,4
30344,0,1,0,7
31033,0,1,0,7
31037,0,0,1,4
31048,0,0,1,4
31084,0,1,0,7
31088,0,1,0,7
31094,0,0,1,4
31107,0,1,0,7
31118,0,1,0,7
31135,0,1,0,7
31145,0,1,0,7
31149,0,2,0,7
31169,0,0,1,4
31181,0,0,1,4
31224,0,1,0,7
31228,0,0,1,4
31254,0,1,1,7
31303,0,1,0,7
31324,0,0,1,4
31339,0,0,1,4
31358,0,1,0,7
31384,0,0,1,4
31389,0,0,1,4
31395,0,1,0,7
31417,0,1,0,7
31421,0,1,0,7
31433,0,1,0,7
31483,0,1,0,7
31490,0,1,0,7
31503,0,0,1,4
31555,1,2,7,10
31574,0,1,0,7
31582,0,1,0,7
31589,0,0,1,4
32012,0,0,1,4
32013,0,1,0,7
32147,0,0,1,4
32160,0,1,0,7
34003,0,1,0,7
34022,0,1,0,7
34028,0,0,1,4
34032,1,0,0,10
34038,0,0,1,4
34108,0,1,0,7
34144,0,0,1,4
34145,0,1,0,7
34146,0,0,1,4
34147,0,0,1,4
34150,0,0,1,4
34172,2,0,0,10
34233,0,0,2,4
34240,0,0,1,4
34301,1,0,0,10
34321,0,0,1,4
34332,0,0,1,4
34333,0,0,1,4
34337,0,0,1,4
46009,0,0,1,4
46015,0,0,1,4
46028,0,0,1,4
46029,0,0,1,4
46042,0,1,0,7
46087,0,0,1,4
46102,0,1,0,7
46109,0,0,1,4
46118,0,0,1,4
46127,0,0,1,4
46128,0,0,1,4
46163,0,0,1,4
46229,0,0,1,4
46232,0,0,1,4
46240,0,0,1,4
46265,0,0,1,4
46309,0,1,0,7
46330,0,0,1,4
48003,0,0,1,4
48009,0,0,1,4
48016,0,0,1,4
48017,0,0,1,4
48018,0,0,1,4
48021,0,0,1,4
48027,0,0,2,4
48037,0,0,1,4
48039,0,0,1,4
48056,0,0,1,4
48080,0,0,1,4
48086,0,0,1,4
48092,0,0,1,4
48095,0,0,1,4
48099,0,0,2,4
48139,0,0,1,4
48140,0,0,1,4
48185,0,0,1,4
48198,0,0,1,4
65127,0,0,1,4
65258,0,0,1,4
65286,1,0,0,10
65395,0,0,1,4
65440,0,1,0,7
65447,0,0,1,4
66008,0,1,0,7
66016,0,0,1,4
66020,0,0,1,4
66025,0,0,1,4
66027,0,0,1,4
66048,0,0,1,4
66053,0,0,1,4
66065,0,0,1,4
66066,0,0,2,4
66067,0,0,1,4
66080,0,0,1,4
66085,0,1,0,7
66088,0,0,1,4
66103,0,0,1,4
66108,0,0,1,4
66123,0,0,2,4
66124,0,0,1,4
66125,0,0,1,4
66130,0,0,1,4
66136,1,0,0,10
66142,0,0,1,4
66146,0,0,1,4
66148,0,0,1,4
66149,0,0,1,4
66161,0,0,1,4
66164,0,0,1,4
66167,0,0,2,4
66174,0,0,1,4
66181,0,0,1,4
66190,0,0,1,4
66192,0,0,1,4
66193,0,0,2,4
66195,0,0,1,4
66209,0,0,1,4
66218,0,0,1,4
66230,0,0,1,4
81004,0,1,1,7
81060,0,0,1,4
81065,0,1,0,7
81070,0,1,0,7
81078,0,0,1,4
81099,0,1,1,7
81120,0,0,1,4
81140,0,1,1,7
81145,0,0,1,4
81156,0,0,1,4
81163,0,0,1,4
81271,0,1,0,7
81292,0,0,1,4
81315,0,0,1,4
81320,0,0,1,4
82002,0,0,1,4
82033,0,0,1,4
82037,0,1,0,7
82048,0,1,0,7
82075,0,0,1,4
82088,0,0,1,4
82089,0,0,1,4
82096,0,0,1,4
82112,0,0,1,4
82121,1,0,0,10
82123,0,0,1,4
82186,0,0,1,4
82187,0,0,1,4
01004,0,1,0,7
01007,0,0,1,4
01031,0,0,1,4
01032,0,1,0,7
01033,0,1,0,7
01043,0,1,0,7
01051,0,0,1,4
01053,1,0,0,10
01063,0,0,1,4
01072,0,0,1,4
01118,0,0,1,4
01134,0,0,1,4
01138,0,1,0,7
01235,0,1,0,7
01244,0,1,0,7
01246,0,0,1,4
01248,0,0,1,4
01249,0,2,0,7
01262,0,1,0,7
01267,0,0,1,4
01283,0,0,1,4
01301,0,0,1,4
01304,0,0,1,4
01308,0,0,1,4
01333,0,1,0,7
01371,0,0,1,4
01374,0,0,1,4
01376,0,1,0,7
01383,0,0,1,4
01384,0,0,1,4
01405,0,0,1,4
01408,0,0,1,4
01416,0,0,1,4
01443,0,1,0,7
01447,0,0,1,4
01452,0,0,1,4
01457,0,0,1,4
03010,0,0,1,4
03022,0,0,1,4
03025,0,0,1,4
03082,0,1,0,7
03102,0,0,1,4
03118,0,0,1,4
03128,0,0,1,4
03152,0,0,1,4
03185,0,1,2,7
03190,0,1,0,7
03220,0,0,1,4
03236,0,1,0,7
03297,0,0,1,4
03298,0,0,1,4
03301,0,0,1,4
03310,1,0,0,10
03316,0,0,1,4
15014,0,1,0,7
15021,0,0,1,4
15088,0,0,1,4
15094,0,0,1,4
15101,0,0,1,4
15119,0,0,1,4
15122,0,0,1,4
15138,0,0,1,4
15141,0,0,1,4
15187,0,0,1,4
15258,0,0,1,4
15267,0,0,1,4
15268,0,0,2,4
26004,1,0,0,10
26108,0,0,1,4
26113,0,0,1,4
26116,0,0,1,4
26165,0,0,1,4
26166,0,0,1,4
26167,0,0,1,4
26168,0,0,1,4
26198,0,1,0,7
26235,0,1,0,7
26281,0,1,0,7
26289,0,0,1,4
26325,0,1,0,7
26333,0,1,0,7
26347,0,1,0,7
26362,0,1,0,7
38001,0,0,1,4
38053,0,1,0,7
38064,0,0,1,4
38065,0,0,1,4
38087,0,1,0,7
38113,0,0,1,4
38151,0,1,0,7
38179,0,1,0,7
38181,0,1,0,7
38182,0,0,1,4
38185,1,0,0,10
38193,0,1,0,7
38200,0,0,1,4
38239,0,2,0,7
38242,0,0,1,4
38298,0,1,0,7
38310,0,0,1,4
38314,0,1,0,7
38315,0,1,0,7
38317,0,0,1,4
38337,0,1,0,7
38357,0,1,0,7
38373,0,1,0,7
38378,0,1,0,7
38382,0,0,1,4
38388,0,0,1,4
38394,0,0,1,4
38416,0,1,0,7
38449,0,1,0,7
38509,0,1,0,7
38517,0,1,0,7
38537,0,1,0,7
38544,0,1,1,7
38545,0,0,1,4
38547,0,2,0,7
38559,0,1,0,7
38560,0,0,1,4
38563,0,1,0,7
38565,0,1,0,7
42005,0,0,2,4
42011,0,1,0,7
42019,0,0,1,4
42022,0,0,1,4
42044,0,0,1,4
42071,0,0,1,4
42094,0,1,0,7
42095,0,1,0,7
42097,0,0,1,4
42099,0,0,1,4
42147,0,1,0,7
42149,0,1,0,7
42181,0,0,1,4
42183,0,0,1,4
42186,0,1,0,7
42187,0,1,0,7
42207,0,1,0,7
42218,1,3,1,10
42241,0,0,1,4
42285,0,0,1,4
42293,0,0,1,4
42304,0,0,1,4
42323,0,0,1,4
43005,0,0,1,4
43012,0,0,1,4
43013,0,0,1,4
43020,0,0,1,4
43025,0,0,1,4
43038,0,0,1,4
43040,0,0,1,4
43049,0,0,1,4
43112,0,0,1,4
43119,0,0,1,4
43132,0,0,1,4
43136,0,0,1,4
43157,0,1,0,7
43162,0,0,1,4
43230,0,0,1,4
43232,0,0,1,4
43259,0,0,1,4
43267,0,0,1,4
63001,0,0,1,4
63013,0,0,1,4
63019,0,0,1,4
63050,0,1,0,7
63052,0,0,1,4
63069,0,1,0,7
63075,0,0,1,4
63113,1,1,1,10
63124,0,0,1,4
63141,0,0,1,4
63164,0,0,1,4
63178,0,1,0,7
63187,0,0,1,4
63195,0,0,1,4
63214,0,1,0,7
63244,0,0,1,4
63269,0,0,1,4
63276,0,0,1,4
63284,0,0,1,4
63300,0,1,0,7
63430,0,0,1,4
63453,0,1,0,7
63457,0,1,0,7
63470,0,0,1,4
69003,0,1,0,7
69006,0,1,0,7
69009,0,1,0,7
69010,0,1,0,7
69019,0,1,0,7
69027,0,1,0,7
69039,0,0,1,4
69043,0,0,1,4
69044,0,2,1,7
69050,0,0,1,4
69056,0,0,1,4
69059,0,0,1,4
69063,0,0,1,4
69068,0,0,1,4
69072,0,0,2,4
69076,0,0,1,4
69086,0,1,0,7
69089,0,0,1,4
69091,0,1,1,7
69096,0,0,1,4
69100,0,0,1,4
69107,0,0,1,4
69111,0,0,1,4
69112,0,2,0,7
69121,0,1,0,7
69125,0,0,1,4
69149,0,1,1,7
69157,0,0,1,4
69163,0,0,1,4
69171,0,1,0,7
69199,0,0,1,4
69206,0,0,1,4
69207,0,1,0,7
69234,0,0,1,4
69243,0,1,0,7
69244,0,2,1,7
69250,0,1,1,7
69259,0,1,0,7
69260,0,0,1,4
69264,0,1,0,7
69276,0,1,0,7
69286,0,0,1,4
69290,0,1,0,7
69292,0,1,0,7
69294,0,1,0,7
69299,1,0,0,10
69123,2,4,0,10
73001,0,0,1,4
73006,0,1,0,7
73008,0,1,0,7
73010,0,0,1,4
73011,0,1,0,7
73054,0,1,0,7
73065,1,0,0,10
73068,0,0,1,4
73085,0,0,1,4
73109,0,0,1,4
73121,0,0,1,4
73128,0,0,1,4
73129,0,0,1,4
73142,0,0,1,4
73145,0,0,1,4
73157,0,1,0,7
73171,0,1,0,7
73181,0,1,0,7
73187,0,0,1,4
73212,0,0,1,4
73224,0,0,1,4
73226,0,0,1,4
73248,0,1,0,7
73261,0,0,1,4
73270,0,1,0,7
73327,0,0,1,4
73328,0,0,1,4
74010,1,0,1,10
74012,0,1,0,7
74042,0,1,0,7
74043,0,1,0,7
74056,0,1,9,7
74081,0,1,0,7
74119,0,1,0,7
74137,0,0,1,4
74143,0,0,5,4
74158,0,0,1,4
74159,0,0,1,4
74164,0,1,0,7
74208,0,0,1,4
74210,0,0,1,4
74220,0,0,1,4
74224,0,1,0,7
74225,0,1,0,7
74236,0,1,0,7
74243,0,1,0,7
74250,0,0,1,4
74256,0,1,0,7
74281,0,1,0,7
74288,0,0,1,4
74290,0,0,2,4
04005,0,0,1,4
04008,0,0,2,4
04034,0,1,0,7
04049,0,0,1,4
04076,0,0,3,4
04090,0,0,2,4
04112,0,1,0,7
04115,0,0,1,4
04136,0,0,1,4
04174,0,0,2,4
04209,0,1,0,7
04219,0,0,2,4
05006,0,1,0,7
05010,0,0,1,4
05023,0,1,0,7
05040,0,0,1,4
05046,0,1,0,7
05052,0,1,0,7
05061,0,1,0,7
05070,0,0,1,4
05166,0,0,1,4
05179,0,1,0,7
06004,1,2,0,10
06011,0,1,0,7
06023,0,0,1,4
06027,0,2,0,7
06029,1,2,1,10
06031,0,0,1,4
06032,0,0,1,4
06034,0,0,1,4
06046,0,0,2,4
06054,0,0,1,4
06057,0,0,1,4
06059,0,1,0,7
06062,0,0,1,4
06069,0,1,0,7
06075,0,0,1,4
06078,0,0,1,4
06079,0,1,0,7
06083,0,2,0,7
06084,0,1,0,7
06085,0,1,0,7
06088,1,2,11,10
06091,0,0,1,4
06092,0,0,1,4
06099,0,0,2,4
06101,0,0,1,4
06104,0,1,1,7
06109,0,0,2,4
06123,0,1,0,7
06126,0,0,1,4
06136,0,0,1,4
06138,0,0,1,4
06142,0,0,1,4
06143,0,0,2,4
06149,0,1,1,7
06151,0,0,2,4
06155,0,1,0,7
06158,0,0,1,4
06159,0,1,0,7
06161,0,1,0,7
06162,0,0,1,4
06163,0,0,2,4
13001,1,1,0,10
13004,0,1,0,7
13005,0,1,0,7
13021,0,1,0,7
13022,0,1,0,7
13028,0,1,0,7
13033,0,0,1,4
13041,0,1,0,7
13047,0,1,1,7
13049,0,0,1,4
13054,0,1,0,7
13056,0,0,3,4
13059,0,1,0,7
13063,0,1,0,7
13067,0,0,1,4
13070,0,0,1,4
13077,0,0,2,4
13081,0,1,0,7
13088,0,0,1,4
13092,0,0,1,4
13097,0,1,0,7
13103,0,1,0,7
13104,0,1,0,7
13105,0,0,1,4
13106,0,1,0,7
13107,0,1,0,7
13108,0,1,0,7
13117,0,1,0,7
13055,1,2,8,10
83004,1,0,0,10
83009,0,1,0,7
83031,0,1,0,7
83033,0,1,0,7
83047,0,0,1,4
83049,0,1,0,7
83061,0,1,0,7
83062,0,2,0,7
83067,0,0,1,4
83069,0,1,0,7
83090,0,1,0,7
83092,0,0,1,4
83100,0,0,1,4
83112,0,1,0,7
83118,1,0,5,10
83126,0,1,0,7
83130,0,1,0,7
83137,1,0,1,10
83148,0,0,1,4
84007,1,1,1,10
84016,0,0,1,4
84019,0,1,0,7
84031,0,1,0,7
84035,0,1,0,7
84036,0,0,1,4
84039,0,0,1,4
84043,0,1,0,7
84054,0,1,0,7
84080,0,1,0,7
84081,0,0,1,4
84087,0,1,0,7
84089,0,0,1,4
84119,0,0,1,4
84129,0,1,0,7
84132,0,1,0,7
2A004,0,0,4,4
2A040,0,0,1,4
2A062,0,0,1,4
2A271,0,0,2,4
2A324,0,0,1,4
2A330,0,0,1,4
2B010,0,0,1,4
2B020,0,0,1,4
2B033,0,0,5,4
2B034,0,0,1,4
2B037,0,0,4,4
2B042,0,0,3,4
2B050,0,0,6,4
2B079,0,0,1,4
2B080,0,0,1,4
2B093,0,0,2,4
2B096,0,0,1,4
2B120,0,0,3,4
2B134,0,0,1,4
2B148,0,0,3,4
2B150,0,0,5,4
2B168,0,0,1,4
2B169,0,0,1,4
2B182,0,0,1,4
2B193,0,0,1,4
2B199,0,0,1,4
2B260,0,0,1,4
2B289,0,0,1,4
2B290,0,0,1,4
2B341,0,0,1,4
2B354,0,0,4,4
2B355,0,0,1,4
