code_epci,pv_mwh,pv_sites,pv_kwh_par_hab
240100750,2454.2,696,24.1
244400578,2073.1,321,
243801024,895.4,157,74.8
200043438,3298.9,93,350.4
244000659,1033.1,9,35.4
248000580,64.4,26,
241600329,1457.3,130,
200023737,1848.4,218,43.8
200034684,1380.6,258,
243500741,16249.4,1950,243.1
240700831,6202.8,125,
244000873,86534.6,462,2742.0
247300528,822.9,157,66.6
200040541,1384.6,317,
241927235,1476.2,37,
244600573,851.6,47,217.4
244301057,2868.4,107,
200044030,1019.4,158,34.6
200058519,1887.2,669,5.6
246800585,555.0,130,34.2
200054781,76070.7,16887,11.4
200041333,2446.2,3,66.3
200030526,7260.2,518,352.5
200026573,601.3,154,30.6
242900736,1394.3,13,
200035541,81522.4,218,7570.8
247300353,70.2,14,
200027076,2570.1,66,323.9
200042000,952.6,193,63.8
245600416,1665.0,144,
244100806,179.4,38,16.1
248500571,2476.2,345,
244900585,2387.3,225,
246600373,13439.3,138,659.8
245400601,659.0,188,16.6
244400610,5703.6,940,74.5
200018166,5693.3,1254,55.5
246400014,1182.6,58,
200006872,794.1,183,
245000278,3239.9,67,
200055887,2493.8,427,68.0
241927284,4367.8,85,
246201156,255.0,76,
249500430,0.0,0,0.0
246800684,1588.0,141,
248500621,4740.5,37,155.2
200042935,1558.6,333,27.2
246000707,205.7,35,10.6
200036325,0.0,0,
243500501,1375.1,166,
248000622,1832.5,41,
200035715,22494.9,1029,199.3
243400017,34533.7,2815,68.0
244300018,13460.1,541,
242320109,714.4,71,
245801014,377.8,50,
246500805,0.0,0,
248719288,808.4,146,49.6
200023075,700.7,191,37.4
244800447,1363.8,12,
243500659,831.6,8,30.3
248000358,345.5,32,
247104094,528.6,96,45.9
244500419,459.8,99,26.8
243400520,5608.6,24,109.2
242852630,507.8,45,
241400555,251.3,82,8.4
240500181,10698.4,51,
240100669,70.0,1,
246700777,580.8,111,54.2
243901014,470.0,104,
ZZZZZZZZZ,180686.8,21201,28276.5
241600519,1530.4,116,
246200869,384.4,42,
243700796,972.9,140,
247400112,864.1,184,51.7
200043354,2557.4,177,163.3
247300676,204.8,50,29.2
244500401,0.0,0,
200039709,517.6,51,73.3
245400718,277.1,77,
242214443,530.0,34,
241501089,1583.5,40,318.0
243800091,177.7,2,
200010650,1126.7,348,20.6
243500592,1648.1,151,
241800374,4026.5,190,373.7
200048551,5649.2,536,197.3
200030229,717.8,79,
241200864,3669.2,17,
246800361,267.3,60,
245801063,475.9,68,66.2
200043081,684.7,121,29.2
246600282,9033.4,274,367.5
240700302,594.9,109,65.2
240100891,387.6,128,17.8
246000756,601.8,46,18.7
247400831,1708.7,478,
246401764,3677.9,182,
248600603,940.3,47,
200042901,21362.8,490,496.8
200043487,2662.5,312,
244301099,1180.0,98,125.9
249500323,0.0,0,
248500597,1102.1,106,
200040194,750.6,65,
247900558,367.2,27,
244800066,127.2,1,
246300990,1522.3,47,
244000824,3504.4,164,455.5
240800847,923.5,137,47.1
245300447,2455.2,356,81.7
240900498,265.4,26,
200033579,1415.7,354,12.9
245804380,179.8,27,
243100872,698.5,56,
240500348,399.1,18,
244400644,5161.8,687,39.9
241000405,903.3,86,85.0
243600343,635.0,47,136.3
248600454,1135.5,130,
245000344,188.2,52,
244000741,3662.7,261,
241800234,1293.4,83,
248000648,442.9,37,
247103864,918.3,60,176.4
244500450,699.1,43,
200040400,3547.8,227,182.6
246600407,3925.7,379,
242303139,1910.1,88,
246800197,928.2,83,
242852606,297.8,54,
240500454,367.5,40,
240300418,1083.8,72,
249100546,619.0,203,10.0
200034197,1471.4,113,123.6
200042141,826.4,228,
200034825,1108.8,187,38.9
246800551,776.9,167,48.4
241400662,67.6,23,
247600778,290.2,46,
244800405,1763.8,58,112.8
200035137,8307.1,75,1271.4
245100979,3332.4,84,572.8
245804562,559.2,125,
241600436,2881.6,108,
244900767,927.1,7,
200027183,113891.2,2092,417.2
248600595,228.9,1,
240400481,1557.3,56,
247100506,400.1,62,
200059228,4806.1,1438,13.4
245614417,1826.8,179,73.7
200058485,893.1,363,3.1
245804406,1205.7,278,18.5
246500599,1041.7,57,
243700911,12313.5,53,
245400924,0.0,0,
245200548,317.4,28,
200034882,958.1,192,21.1
245500459,140.8,46,
200043420,621.6,88,
200040681,13174.2,498,579.6
200041630,1313.5,299,10.8
240300657,1570.6,89,213.5
240400135,1190.5,10,
200011997,352.9,74,
200041150,5655.8,224,255.8
200043065,894.3,139,31.9
240500215,3752.3,139,
244200838,137.1,34,
240500421,9282.6,103,
248000416,224.2,79,
240900324,685.4,80,
242101491,1096.5,66,107.2
245614342,593.7,96,
200041416,238.2,15,34.6
200035731,4599.8,802,45.4
200043156,5507.9,189,183.6
241800465,1397.5,82,
247104078,3431.7,179,
244500518,220.8,60,
200039758,735.4,95,39.8
243400629,444.4,59,
244900668,2803.7,227,
241400795,149.1,32,
245400676,1833.8,458,7.1
200041044,12023.3,880,
247400567,0.0,0,0.0
200044170,4192.6,362,
246500508,733.4,30,
240700716,744.5,109,125.8
200000545,8047.4,60,426.6
244200820,220.4,68,43.0
242913325,1020.5,106,
241927375,2355.9,43,
244600433,2138.4,112,147.8
240100156,726.7,201,
246000376,393.3,64,10.4
243500725,2428.9,207,74.9
240800862,891.1,139,41.1
200042463,26290.2,197,4446.9
200044048,1041.3,275,24.4
248200172,23951.9,204,
200033157,1933.3,383,
245701222,923.2,297,13.0
245400189,711.7,153,24.7
244400487,2998.6,369,
247300262,239.7,68,32.5
240400531,16476.4,54,
245300389,5227.1,244,284.8
249500489,272.4,114,6.9
243700887,2274.8,97,
241400860,278.1,58,11.6
246000764,106.3,16,2.4
248600157,3351.1,272,
243900412,204.1,68,29.7
243500550,2388.9,261,90.9
240300707,491.2,91,
248000531,1067.9,264,5.9
241600543,1065.7,163,
246900757,1977.3,222,61.1
246201016,570.2,173,23.6
248500480,4628.0,230,
247600661,259.3,62,
243600293,847.3,53,136.2
243500642,1794.4,265,
240300699,2250.6,169,
240900464,4915.4,200,332.9
200040566,2849.0,583,56.5
200042828,22892.4,850,
245614292,1416.3,3,
246800726,2873.6,332,25.3
248500456,4822.5,247,
243700929,656.8,94,
242800290,424.7,36,
248719361,2824.7,114,240.8
240700617,16428.1,91,2689.6
242200533,843.6,191,
200040483,36331.2,1700,
244701355,34316.4,152,2761.0
200022986,245.9,2,4.8
243700663,1418.4,241,
245700216,5501.2,1069,
240700757,795.3,157,
200038982,203.2,72,
245200514,410.2,35,
241500248,9469.2,75,
240400275,197.6,14,
200027001,511.2,66,
246900765,698.7,1,25.6
248200180,3783.4,88,
242852580,1025.1,59,
240500363,3026.9,119,
240100875,274.2,63,
243801099,0.0,0,
247400070,164.0,47,
245501242,824.8,60,110.2
244200622,1114.7,201,72.2
244000543,7506.1,177,590.6
200034700,170341.6,1386,2684.2
244500427,898.6,140,20.8
200042109,650.5,171,
200041556,6597.7,79,1001.0
248500258,1343.2,8,68.0
247000813,333.4,44,
244400495,726.9,6,
200011286,682.4,4,
242900769,1809.7,211,34.9
200040285,1063.9,184,
200040624,10610.7,584,371.3
248900532,640.2,194,
200040392,2864.0,456,27.5
248800658,851.8,204,
244100798,522.0,123,24.7
244900015,8037.0,1140,26.2
200010700,1416.5,218,18.2
200041887,1506.6,228,103.6
245200597,1504.5,59,205.1
240400382,391.2,49,
241600345,1326.2,229,
248900334,599.4,195,10.1
245600150,471.3,80,
242320075,12012.1,42,
243700754,2737.7,552,9.2
200039956,1546.0,223,
243100864,1951.3,234,
246000871,364.3,119,6.6
200040061,6983.4,206,
249100595,283.3,83,10.5
248200206,950.7,86,
247600463,129.2,51,
200043909,11416.4,188,
200011773,1303.7,420,14.0
200018364,749.2,35,
248800740,914.2,84,
241100593,75532.5,1268,571.2
200035434,1134.3,124,
241000488,791.2,64,93.8
245101043,1663.7,72,
241600253,3627.4,444,
244600532,1217.0,72,139.2
243400470,18705.8,39,412.0
241400712,634.9,46,
245400171,727.6,229,25.7
200040350,1687.7,291,49.5
242504330,673.4,113,
200006716,1015.1,60,61.5
245101035,969.6,47,
200042695,2405.4,220,
240300566,3256.3,68,592.9
244701496,7645.2,49,
246900575,2091.6,385,49.5
241927367,2634.6,35,
200047348,20293.7,257,
200042653,2683.6,277,148.1
246800445,873.5,110,53.6
242852465,2108.4,115,173.5
200011625,1947.9,174,
200023703,0.0,0,
245200555,260.2,58,
241501071,4620.6,49,
200007128,578.7,4,
247103989,115.2,16,
248200016,5319.9,439,281.5
200041051,1112.3,73,124.4
244301032,2309.5,188,138.5
248700155,550.1,76,
243100658,4225.1,221,
240100412,633.9,55,
246000830,529.6,95,
200044253,1005.0,93,81.8
247300254,75.6,1,4.9
200055481,3328.1,167,170.3
243700770,478.7,41,
200039949,219.7,84,4.9
242504447,561.5,64,35.0
245200456,4996.8,114,
248400053,8181.5,676,113.7
200060010,31434.6,2256,258.5
200033124,594.7,113,
200042331,174.0,53,
243100799,3619.4,192,
244200614,784.3,118,133.1
241600303,1775.9,132,180.4
243400827,7219.0,747,
246800700,3705.9,79,
245700133,2414.4,84,100.1
240400283,15664.3,115,
248000432,65.7,18,
240900431,352.6,54,41.5
244500211,913.9,118,37.9
245700372,1856.0,493,24.5
200042497,670.6,216,16.6
242504215,370.1,89,
248400293,6119.4,352,119.8
248500563,4441.4,248,274.5
243700788,334.2,74,
247600802,106.1,40,
200007052,544.6,52,98.4
246300966,1403.7,52,146.3
200035756,12289.1,219,1713.2
241927391,2506.7,65,
241200807,6813.1,87,1225.8
200005957,914.5,87,71.0
245600143,2448.7,151,
244301115,3855.7,275,
241400753,653.0,52,
247600687,363.6,37,
246000582,317.1,109,8.5
244800348,801.3,20,
242101285,331.1,38,
243400736,1604.1,317,124.0
246800247,344.2,3,
243100542,3138.1,226,
242214427,562.1,85,
241501063,3592.5,56,
247400690,1730.4,427,35.5
243100690,10365.1,18,
241000363,1396.8,35,
243801198,8784.6,253,
246401715,2731.5,168,
248800351,2649.4,64,
240100396,111.0,34,
243800844,1189.0,246,75.6
244000782,29122.3,11,
200018190,145.4,16,
248000523,333.5,60,
243200599,3593.6,166,367.3
244300265,448.7,102,
200041200,4558.2,69,
243200300,6459.4,180,
246201057,465.6,113,
200026185,112.9,35,
245000450,827.6,96,
243500139,13371.7,1315,28.6
243200417,27000.4,208,1881.0
242101483,467.4,110,
243400751,3111.1,345,
243100682,274.5,3,
244800470,1243.5,69,128.6
243800984,3972.5,1024,41.6
247104136,3244.5,54,
200040830,711.2,59,73.6
241200823,1944.3,123,
200035426,458.9,109,
245804513,765.5,32,
242700417,42.8,16,
200040137,1246.5,62,137.1
245000427,314.2,65,
248000481,141.4,51,
240200527,289.1,57,
240500470,5013.8,159,
248300535,73696.6,525,
200044022,1106.6,216,
200042604,3451.4,245,77.0
240400523,56.8,18,
249000241,1815.1,205,76.9
242100345,844.9,51,
246500789,0.0,0,
200023026,1174.7,323,
240500389,2899.3,91,
244400693,1726.2,268,
247400575,81.8,1,
245501317,646.2,45,
242200848,619.1,75,
243500634,5139.0,338,191.0
200039634,227.1,42,
241200658,4710.7,123,590.1
245804463,918.3,87,
200035111,1544.1,88,129.5
245700398,493.1,150,15.6
200035772,984.0,127,68.9
240700815,8631.7,143,1084.8
200042620,3336.9,129,430.2
243100849,98.5,25,
244000709,2481.6,233,
240300673,14720.8,89,
249000217,226.7,64,
200059517,642.3,114,
248500670,2374.5,18,
200018315,292.5,29,
245501457,445.8,40,
200043321,1281.8,291,26.6
243301538,868.9,203,
244900775,2181.8,185,
200043917,2452.8,363,
241927201,7424.5,249,169.0
246500565,4566.0,319,
200023414,9424.1,960,19.0
242200590,214.0,39,
200041218,0.0,0,
241400621,352.7,56,
245400817,2367.2,146,
242913309,308.2,2,
200059392,5342.9,785,95.9
200040616,3660.3,72,
246200729,820.4,175,7.3
242504280,395.2,35,
247600745,349.4,52,
200000438,1669.4,372,46.1
200048775,6636.8,412,
241200633,5603.1,280,
246800494,850.8,97,66.1
243100773,1182.7,131,76.5
200027100,2505.9,471,54.1
245100037,765.5,128,
242100519,2718.6,82,
200000420,599.5,169,
246100408,587.6,65,
244400503,2535.3,23,37.9
242700565,997.2,153,
240700674,2548.9,149,
245701206,3975.3,324,140.9
242900561,1713.5,97,115.0
200059889,12019.4,808,28.1
247700339,60.4,2,1.5
248500548,7924.0,268,
242700425,792.5,39,
242200780,297.5,51,
245901061,228.4,88,9.2
246301162,529.9,4,
243100898,2474.9,226,
200041168,1254.4,84,79.3
246200299,1189.3,325,9.4
245400916,227.8,40,
247700123,101.4,23,
243100567,5161.4,652,237.8
242504355,493.7,101,71.7
242200723,954.5,47,
247800550,203.9,41,6.8
200042117,318.1,85,
200036069,1088.6,89,80.6
246401517,3782.3,233,
248100430,11440.9,599,145.1
200042471,2922.7,268,
247700719,499.5,67,
242700326,509.7,99,
242700359,356.2,36,
200035699,602.2,76,
200034023,6169.9,573,189.7
200023620,12881.2,502,569.0
200041960,2009.0,567,20.5
248500647,983.3,12,
243100716,968.4,102,
242200855,243.2,42,
200035780,1321.6,154,
200035533,12889.8,111,909.5
200006070,3675.9,92,
246300909,2394.2,101,
246201115,511.6,97,
243000650,6487.8,4,312.9
241200880,1618.9,54,
243100708,6799.3,234,
242700631,738.8,67,
200034031,2094.9,131,328.5
247800600,428.5,119,
243301405,25421.9,290,1165.2
248100497,3801.9,97,684.5
245701388,579.4,194,
246300685,179.2,35,
246200117,208.4,76,
200034049,3739.7,232,333.2
241200799,5398.5,128,
248100737,15508.8,631,186.3
248100711,1390.6,117,
200036002,475.0,58,
242700367,691.4,71,
242700649,1479.5,212,
246300651,682.9,53,
243301249,1700.0,241,59.2
248100661,2480.6,58,
240200642,446.1,54,
200027225,535.1,96,
243000270,1201.5,148,121.3
243301447,97996.9,288,3231.2
240200550,240.7,36,
241700640,4946.7,748,58.0
243000585,16753.0,49,534.1
243000643,52641.9,2289,203.4
242700656,383.0,73,
242700474,194.3,45,
243301371,3906.4,152,235.8
241700434,11526.0,1370,64.7
243301298,530.3,76,
241700459,220.3,22,12.5
200041523,37278.8,893,544.4
243000569,16969.3,7,599.6
247700032,391.5,119,10.0
247200520,1187.9,100,
200035152,29245.1,1056,
200034379,55151.2,311,1936.1
243000296,2214.1,340,90.7
247200595,821.9,79,
243301439,610.6,7,27.5
243000684,21220.6,344,823.6
247200702,957.3,147,
246600399,4292.3,165,492.6
200040244,0.0,0,0.0
242504397,196.3,58,
200034874,423.9,65,70.8
243901113,309.5,57,
245000302,233.2,43,
240900555,0.0,0,
200018323,536.6,73,
200000735,3245.4,26,
244300224,13963.8,76,
245614433,4280.5,632,92.7
241000256,0.0,0,
241501048,20041.7,128,
200040558,2093.7,100,191.7
200042976,445.3,44,
200034916,2220.8,215,
200039915,3032.6,16,19.3
240900415,859.8,36,
241200781,3802.0,25,
244100707,2778.4,152,
242320067,1392.2,29,
246401855,1373.9,239,
240800920,2766.3,142,165.5
200030195,13568.8,1420,24.5
241600394,1382.6,72,
200034353,725.8,99,
242101343,988.0,43,
242852424,926.6,62,
241400779,213.7,42,
241000389,815.8,40,
244200630,971.7,215,69.0
242900751,5442.3,364,162.6
200041010,2250.9,556,59.8
241600360,1376.9,68,
243700499,988.6,172,60.8
245400510,1313.3,245,116.8
240500322,3002.5,71,
200038933,9182.1,383,
200034924,751.0,55,
200034718,4225.5,132,179.2
200039931,4527.3,106,458.0
246800577,1223.4,120,67.4
242852432,117.0,51,
246000566,231.3,42,7.7
243600228,1766.6,99,
242600567,633.2,4,
240300731,1498.8,88,
249100074,279.0,120,10.3
245804588,156.3,49,
247600448,118.1,42,
246600423,1391.0,67,240.4
241300375,6224.6,232,224.6
244400701,598.2,137,
245200480,1162.4,45,
241500271,2147.0,82,325.5
245501465,309.2,44,
242100501,1404.1,47,
248500035,1625.5,15,
243100781,3880.3,470,91.3
240500488,942.1,59,
240300616,17786.8,302,
240400499,3276.3,48,
200036135,2870.6,99,158.6
242101509,2714.6,231,132.4
200035707,12923.9,275,798.5
200040772,4853.7,117,530.4
242300101,821.5,77,
242852515,42.9,16,
244900882,1747.9,11,50.3
200041994,0.0,0,0.0
246701114,1075.1,81,
200030674,20065.6,618,332.9
200000610,1358.3,105,
242320034,1481.7,67,
241400738,377.1,35,
243100880,2502.7,202,
240300533,781.9,121,
200058360,156.2,2,7.4
241501097,3759.7,38,
246500375,5858.2,257,
245501259,169.0,66,24.4
244200721,928.4,197,
247300817,531.0,132,54.9
248900938,315.1,70,15.3
241100429,924.9,81,
247600703,157.4,28,
200023877,639.8,57,
200040590,4181.2,887,57.3
246000111,97.5,42,
243500543,998.3,117,
240300590,2183.6,120,
200040442,15448.8,422,280.9
243400710,6148.9,6,
200036572,4807.5,99,945.6
200006682,2786.1,500,55.2
241200641,4501.5,141,371.6
244100764,904.6,63,
243400819,22560.0,794,279.5
242700490,725.7,107,
244400453,1278.5,201,76.7
242214393,121.8,36,
246400030,5338.3,478,
245000690,162.3,42,
240600585,5732.6,778,31.5
200040780,1735.6,165,
241400894,373.1,83,
248719338,2528.6,70,473.5
200039824,642.9,111,66.2
200030435,6707.5,382,520.8
200022994,401.7,53,
244900973,2525.9,146,
240500462,89.8,25,13.7
200041861,471.2,127,42.8
246700306,180.0,54,8.8
245000807,323.2,37,
248400285,1907.4,145,74.8
246500490,1499.6,124,
200056380,530.8,172,2.9
246600464,1031.8,77,175.2
200059400,2906.7,188,113.1
246700793,718.6,4,
200035269,971.7,189,
245501366,99.3,36,
200017762,1652.6,53,
243200425,19980.0,119,2586.4
246900633,1183.6,193,
200033868,901.4,172,61.3
242504181,1482.7,276,55.5
242214294,2113.0,101,
245200563,721.6,53,
246401657,2485.6,232,
244000832,3273.8,279,
200042414,809.9,92,81.6
240900316,0.0,0,
200012136,4101.2,82,
200040863,977.8,206,
200017341,16998.3,183,1149.9
245804489,393.8,27,
245701362,817.8,310,9.8
244800355,1103.6,27,
243600350,1939.8,119,120.1
245501176,1042.5,44,218.3
200046977,25354.0,2810,17.8
243400553,140.3,43,
249500513,0.0,0,0.0
200001105,1051.0,111,
240500439,519.7,75,27.6
246401756,3002.1,247,104.1
240400374,4905.6,83,
200057859,1275.3,491,6.2
248500530,3472.5,458,175.2
242504421,1038.2,101,
200040319,468.1,67,
242101475,904.9,134,
200035806,502.3,78,
200033686,1085.7,270,
241800531,258.4,36,
244500484,158.1,2,9.0
244100269,342.0,55,
248200099,14983.1,32,191.6
240500199,3917.1,134,
240100578,424.3,74,69.8
242900694,1995.6,272,35.3
241927292,2027.0,38,
200007425,674.7,76,
248200115,696.0,85,
244400545,2072.0,262,
246701239,1187.2,96,
243600236,11972.2,233,633.5
243901071,227.5,43,40.0
243500667,3181.1,227,82.6
247300791,411.4,92,
241800432,2618.8,54,522.4
248900524,566.6,89,55.7
243500709,660.4,7,
247300338,400.1,2,
200030559,615.8,87,
245804521,656.7,56,
242900652,2169.9,88,
247300361,110.0,39,14.8
200033298,2359.1,367,87.6
240900357,74.4,14,
243200516,429.9,28,
246800205,350.6,89,29.0
248200040,220.1,1,
241400548,126.1,33,
241000371,1375.8,28,
246401814,3325.7,274,
245400379,675.2,206,
243900974,176.2,33,
245101050,6130.3,42,
249100553,129.0,44,4.6
200009611,4413.3,62,
242700623,476.0,133,17.8
200012060,427.4,70,66.9
242900728,535.1,9,
241200872,623.6,19,
200043776,3670.9,205,270.3
245400700,489.6,143,
245501184,385.9,46,55.5
244200796,17780.9,1056,
240400408,244.3,34,
243800455,544.4,4,
245501267,105.4,30,
245000716,161.2,33,
246300982,1654.5,165,
200023299,359.7,69,39.6
243200540,3139.1,211,
200042927,6891.4,188,
200039576,134.9,51,
200036465,7197.3,260,191.4
245701412,2142.8,127,
247104052,1800.3,99,
248400335,2053.6,342,122.9
241927268,15322.3,2,
248800013,258.3,86,
200036382,798.5,81,
245501374,72.9,24,
200038990,3587.4,325,132.5
244000774,9902.1,136,1582.6
248900565,285.5,71,
245614425,1573.2,58,
244300307,1720.2,107,215.3
200007433,727.5,66,
248700130,679.9,92,
244500443,440.8,41,
243400355,6682.4,264,232.8
248500191,287.6,59,31.2
248200107,16397.0,95,2108.9
247400682,281.0,106,21.8
244200606,1358.6,206,
200043990,2891.3,449,64.8
246300842,315.8,48,
245804414,513.4,26,
247600562,300.5,44,
200042349,829.7,211,
240500223,244.4,25,
245000468,555.6,75,
247100589,1814.3,401,15.9
200035459,25591.4,831,264.9
241600352,1919.8,84,
243400769,38017.2,68,292.7
245000682,437.2,50,
246300701,11963.8,1216,40.4
200042174,5472.4,836,26.5
247600380,6526.5,57,
245400759,981.4,79,168.3
200017408,7533.6,176,
200035954,621.5,86,
242900710,2045.2,91,110.4
200030518,12848.3,101,
241600493,893.7,85,
243400389,2673.6,78,
248200198,6242.5,156,
200033181,133.2,36,1.0
241400746,426.2,82,
241000397,1363.2,189,
241501139,5752.9,111,684.1
243800935,1075.2,239,36.3
245100615,459.8,99,32.2
246301154,325.1,87,
247103765,591.6,72,53.4
200035632,2587.9,146,390.9
241200542,7643.1,42,1462.0
243901055,685.7,80,
240900506,673.3,36,
242101350,549.9,78,
200040277,2964.6,602,25.7
245900428,1500.3,356,7.8
240900530,13863.6,50,
243200391,17100.1,268,889.1
248400236,17654.0,47,392.8
246100671,141.8,30,
245400866,615.3,81,
247000367,77.0,27,10.2
200049187,376.7,102,13.8
243200409,3311.8,150,382.1
248400319,3690.9,20,109.4
200041440,280.8,57,33.0
243400488,17376.4,353,599.7
242700615,548.1,51,
241800523,224.5,53,
241600568,8220.9,225,
240200618,430.9,119,
200023372,0.0,0,0.0
200023489,520.9,64,
200023307,8602.5,434,181.1
246200919,260.4,40,
242852531,1905.8,65,
246001143,0.0,0,
200006781,2046.9,33,
243900354,133.5,47,18.5
240900266,423.3,54,
200043495,438.5,78,10.5
248719312,5505.8,816,26.6
200039808,5150.9,212,331.1
240900522,2274.7,98,
245614383,2344.1,183,96.9
248800450,0.0,0,
200040491,27076.0,1104,566.3
200035319,6825.1,19,57.6
200006393,361.5,51,
242500320,381.3,118,46.7
247700495,192.6,59,
200040509,2000.0,190,124.2
243500618,682.4,8,35.9
200041366,4917.7,289,142.0
242700573,872.7,191,
244800496,133.9,1,
241800424,2469.7,81,343.0
240900373,0.0,0,
245701305,1555.6,42,
200027217,684.2,66,42.4
240100677,381.6,93,
242700581,335.2,57,
241000223,221.1,25,32.3
244000592,5457.0,119,
248900896,576.1,143,23.7
240100636,380.9,124,
243301462,888.0,85,
200043172,10934.6,606,101.1
245600424,587.4,76,
245400262,703.4,259,11.1
200000636,72.5,1,
248000747,824.4,130,29.3
241927359,4430.5,85,
200022846,877.4,88,
200036614,1824.6,421,
200043008,4773.4,287,
240300426,1756.4,369,
200040087,605.6,123,
246200877,277.8,72,
240200501,261.4,63,12.9
243100765,942.1,55,
242101459,1189.0,58,161.3
200034361,2331.3,477,
244900759,418.3,90,
243100633,4246.8,664,51.4
200041465,1387.5,147,112.4
246800395,874.8,60,94.2
246100598,687.2,62,
244400446,10839.3,635,
248300501,36538.3,529,
200043404,300.6,121,12.3
243300738,1803.5,164,
244301016,2069.2,187,113.5
200016905,1267.4,103,189.6
242700524,213.1,26,
242700441,456.9,60,
200030716,20.9,10,
241400902,270.3,76,
247600588,897.6,169,25.1
242700508,270.6,57,
246401632,2617.4,86,
200042190,2350.8,501,14.9
242101376,201.5,2,
247600760,752.1,120,
242504439,431.6,84,
246401822,1996.6,196,
248000689,480.9,55,
248100471,1545.2,11,
241400811,36.0,15,
200043255,2102.5,220,
200040202,46764.1,388,2062.6
246201073,420.7,67,
243301421,3818.3,104,
200042133,377.7,133,
245701297,1044.1,160,
200044055,3686.8,1190,
200042703,2947.6,109,250.8
242200640,645.4,106,
247200686,1887.6,231,66.5
245900410,6441.6,1955,5.5
200035178,1564.8,75,
242101335,334.5,82,
200030633,2234.6,247,35.1
242500379,181.3,55,
242200517,3176.8,403,
246201149,0.0,0,0.0
247600596,2275.7,409,9.9
200036077,3884.8,211,67.7
246300883,1961.3,97,
246200406,568.9,45,
248100158,5199.4,363,224.9
247600786,352.4,53,7.7
248300550,43978.7,30,978.0
200040954,4943.3,349,92.3
246301030,0.0,0,
247800618,382.3,119,7.5
240200485,211.8,40,
247600539,10568.1,73,549.2
246100465,361.4,45,
247700529,101.6,48,
247200397,679.9,105,
246200851,385.0,60,
247600646,345.1,93,13.8
241200674,3104.9,98,502.4
200042513,571.1,107,
247200678,352.1,66,
242700466,942.5,51,
246200844,525.9,163,18.7
242200715,2306.5,142,126.1
246100663,2258.8,410,40.7
240200444,812.1,90,31.3
246100440,376.8,35,
247200405,2333.5,146,
200035129,6557.7,424,341.6
246300925,3429.3,75,
241200856,2646.7,57,
200034130,229.7,57,10.3
246300834,879.1,123,
243300316,53889.8,2851,64.8
247700404,0.0,0,
243300563,1272.0,9,18.4
200035590,642.2,190,
200034692,15907.6,884,210.8
241200609,5709.3,87,
248100638,1115.7,48,
200041614,9601.3,582,292.1
247200348,1372.8,268,51.0
246301105,1173.7,111,
248100745,3996.9,76,788.8
247700701,505.0,81,17.9
247700040,198.3,41,
243301413,1765.2,110,
200034056,6418.9,314,449.1
247200512,1703.2,112,
241700624,1940.4,189,87.2
200027068,3463.3,550,
200041499,5601.0,524,176.2
200036473,4477.3,482,73.8
247700065,849.4,93,49.0
247200496,807.5,121,
243000593,12126.1,457,433.7
247700586,45.1,20,
247700107,959.8,89,21.2
248400251,107608.7,120,552.2
243000551,1550.3,126,
241700517,2098.0,264,119.5
200041762,4434.6,712,69.0
200027274,587.9,80,
243000536,204.6,2,
200034064,1913.0,56,417.6
247700594,717.1,203,6.6
247200629,5385.3,4,177.0
247200132,12139.4,686,58.2
200034411,3609.2,346,161.8
200043974,80188.5,253,2038.2
247200538,4800.7,123,
243300837,12660.4,165,
243301181,5751.1,337,273.7
200043982,1426.8,87,90.4
241400514,1109.7,120,40.5
240800821,174.2,84,6.7
248900748,378.1,113,21.6
200041564,603.5,44,
243100732,1734.1,211,75.9
240500447,135.9,1,
246301014,259.7,81,
200039725,485.7,43,
248800609,419.7,79,
242200582,1772.4,91,
246900690,1449.2,258,
200035327,550.5,34,102.2
240100826,406.3,128,
247400856,63.5,1,
244000717,3308.1,144,
241800440,149.2,25,
200035723,27389.3,193,2866.2
248900664,556.4,58,65.7
246900773,1274.9,267,
248719239,15491.0,50,
243800604,8882.1,704,80.1
240300608,1714.8,266,
243700697,1066.0,96,
240700864,573.2,5,30.1
200054807,351477.9,28990,183.9
246300941,0.0,0,
248400160,4425.0,257,220.8
241600378,2473.5,64,
200018497,0.0,0,
246401525,1345.3,94,
248600579,305.2,55,
200042182,2499.1,247,160.3
248800625,211.8,60,
242320083,10205.0,141,
244400552,26945.7,2078,390.5
248700148,469.9,51,
245701404,534.1,244,18.2
243600319,5034.9,160,286.3
246301048,444.2,72,
244000758,48575.2,83,
200040574,1405.9,409,25.5
241200054,1838.8,28,
200001170,700.6,25,
248000705,887.2,42,
248900771,392.5,27,
246200018,403.3,74,
248500506,11334.0,815,
245000542,130.4,52,
243500782,2452.2,292,28.5
246200976,190.5,40,
200026722,4015.0,78,
200000974,687.8,14,
240100842,299.4,85,
200036358,4226.0,83,
247400047,445.4,121,53.8
241800457,1511.6,86,132.9
245614367,2185.9,138,
245501309,100.8,24,
241200187,11901.7,294,212.0
243700432,709.5,131,
245100565,755.3,45,
244000808,15492.2,660,281.2
243901048,121.5,34,
242900827,527.1,70,
244500203,571.4,193,9.1
200042646,18024.8,258,904.6
246200364,1688.5,568,7.0
240100628,1751.4,373,
247000821,281.8,107,24.1
200033207,344.9,122,11.3
245300306,2290.0,289,132.8
200006971,780.9,86,43.4
241501055,2691.7,81,327.2
247104169,320.7,60,
200029734,5248.7,299,263.9
240700708,1681.5,123,
247000664,389.4,145,20.0
200040111,1397.2,448,81.6
246301022,185.4,44,
200058477,47.7,1,0.3
244900593,2727.1,269,
200023554,791.6,69,
246000699,137.9,25,
241000439,171.9,27,
200024487,38.2,12,
244300315,1282.6,31,
245804570,482.9,33,
243700804,562.5,4,
241000496,460.3,33,
240300640,16675.3,141,
249500471,100.3,44,
242504371,148.0,48,26.9
248600397,619.8,30,
243900917,334.0,51,
244000865,20953.1,848,298.2
200000537,211.1,1,
242200673,872.1,94,
247400773,410.0,134,26.8
244300299,744.4,37,
200018406,6509.9,121,196.3
248500233,3572.8,345,
247300767,1231.4,299,
240900381,1388.4,193,
242300127,4287.7,120,
242852564,1097.4,84,
242200566,392.6,75,
243801073,2077.1,312,90.7
242401289,477.0,73,
240500413,943.0,82,
247000623,504.4,58,53.4
246000129,127.3,45,5.3
244500195,479.1,45,
200039063,1160.1,68,164.5
246800650,276.4,47,
248200057,6284.0,207,309.1
248710600,700.3,67,
245000617,804.7,88,
200056232,1812.8,622,5.7
241400688,938.5,46,
246000749,195.1,41,12.2
244701462,7505.1,177,
200041176,2396.2,86,
242101384,1057.5,34,
245700695,504.6,176,19.1
200023323,304.6,85,
243801214,942.6,90,
242600534,4041.6,210,338.0
244701405,7679.0,109,1041.4
245100854,99.4,36,
246300669,393.0,101,
246500821,2508.8,78,
200040814,1665.7,83,182.4
242700557,193.5,58,
200043263,617.5,165,21.2
200007177,1430.6,66,303.7
241200625,3970.9,97,708.6
248800666,484.2,153,
246200992,1270.8,64,
240900332,2201.9,111,
244700498,2477.8,87,
241200773,6560.7,108,
243801149,769.8,181,
243600368,1285.6,58,
246401574,1865.4,148,
246900625,1914.2,444,49.5
200000800,77.8,33,7.5
245801113,112.9,28,
247000011,545.7,114,16.9
243900768,61.3,19,
248500415,6551.9,401,420.3
200040418,2395.2,84,285.9
244200770,10103.5,1915,24.9
242852614,731.4,43,
242214450,1339.8,63,
245501192,232.3,48,
241800341,4310.3,106,
248500514,2479.2,295,
244800397,121.2,14,
200043388,246.3,70,
247300015,103.0,29,14.4
248500340,1978.4,15,85.8
243700895,1084.9,92,
247300593,456.7,4,
200027399,1758.0,157,
242401107,834.4,57,
200044014,7738.2,150,667.5
241000454,227.2,34,
200032514,1059.3,79,195.3
200035103,1072.1,76,143.3
248300527,30781.9,517,
240400440,20294.9,113,2034.0
240200519,552.3,19,99.2
248719262,1043.9,59,205.0
242504207,256.9,81,
241000280,1530.9,76,
200001006,316.0,37,
247600638,271.8,43,
200036150,0.0,0,0.0
242200616,966.5,111,
200000172,512.8,146,18.5
200023216,6297.3,59,
242852598,787.5,52,
245100052,588.1,80,
247100647,410.8,79,63.1
245600432,572.1,69,
244900833,2528.2,228,
247600695,385.3,47,
200042992,224.9,55,40.3
246500631,364.0,35,
242600575,671.0,75,
246300917,480.3,51,
200018356,2577.9,42,
244400537,1090.8,208,67.3
245500806,137.3,42,
242900835,4297.0,323,66.2
248000556,598.2,59,
200005932,415.2,81,26.7
249000019,921.5,348,
245600515,2160.1,111,
245804505,195.4,30,
244900361,7612.4,413,
247300098,4800.4,877,
240300558,784.9,65,105.6
248700189,2910.7,186,240.5
245400932,285.2,59,
244000642,10712.8,58,
247300148,95.4,22,
244300232,1714.1,93,
240200493,858.7,135,27.7
247600513,464.5,45,
200042711,556.3,151,
200034841,247.8,45,
246301113,0.0,0,
247300759,85.4,28,
242504488,287.1,72,43.6
248300543,29082.5,2375,64.9
245701230,348.2,92,
246301063,3349.5,95,
244500583,531.3,80,
200006930,1245.0,47,240.7
247700628,1123.1,221,
242504470,322.5,33,
200041671,787.3,96,
247400427,721.9,7,
241400878,104.9,43,5.4
246401665,1641.3,103,
246300818,44.3,1,
241200591,1016.8,64,
244300240,3596.0,152,
200044618,13167.2,408,88.6
248300584,39.5,12,
242900629,762.8,72,49.9
246500839,742.8,38,
200040889,747.6,58,88.6
248500712,3642.3,26,
240200691,169.8,31,
243100377,2538.0,63,
241200690,5769.8,153,
243100641,2676.7,97,
244400651,873.6,204,
200004802,11425.7,5,393.2
244400586,1315.7,339,42.9
245100797,234.8,48,
241200815,6727.5,37,
248500472,6306.8,588,
240200261,248.9,95,
245100870,121.9,49,
247700610,0.0,0,
200039055,655.2,79,58.9
245701271,683.0,70,12.7
200035814,647.2,166,12.2
240200568,283.9,24,
246100499,431.6,67,
247200447,981.9,4,50.5
248000614,145.2,52,
200039865,370.5,25,1.6
247800634,331.9,45,
248000341,1227.0,76,
247600331,511.8,64,
245700919,2734.8,171,
246401590,2152.9,76,
243300811,7040.4,154,442.6
242200632,591.4,76,
200040210,445.2,119,48.9
200035442,611.2,136,22.6
246301121,532.2,75,
249500109,2894.4,683,13.5
200033520,1106.3,99,
240200469,718.9,81,49.9
243100518,29586.0,2821,36.1
248300493,42144.3,1071,380.9
243100179,17942.4,130,
240200584,347.4,77,22.4
246100630,243.7,54,
247200090,3369.0,610,118.8
200036168,1379.7,139,
247200546,1024.8,98,
240200634,842.8,37,125.3
247700487,38.4,16,
200058782,1121.1,344,4.9
200040426,680.1,77,42.9
241200567,2171.0,205,74.4
247200587,1395.7,199,
241200732,2772.4,78,
247200694,1391.4,90,
243301504,26846.3,597,374.5
243000742,2236.3,246,
240200428,288.1,69,
240200436,293.6,36,
200055655,3345.1,1157,9.3
243301165,1473.7,14,46.0
247200579,2285.5,162,
243300894,503.8,116,
200023794,609.2,121,29.5
247200728,144.8,2,
200041515,437.5,159,10.9
243600301,968.3,105,72.4
243500535,1219.7,127,
247300049,2018.0,479,
200036523,6231.7,208,366.7
242101434,4386.0,180,225.1
245804430,1039.4,68,
200041317,3103.0,196,25.4
200035087,21964.8,53,363.5
240800946,62.7,34,
243200565,2065.2,109,
241300417,44993.2,882,539.3
242504389,173.3,67,
246000848,828.5,136,25.7
247800584,1017.3,292,3.8
242401065,955.0,90,
244701389,1723.9,104,
248200065,4481.5,126,445.2
242900637,242.9,23,
248900813,264.1,36,
200040384,1487.5,133,119.5
247700644,358.6,150,12.4
240900480,561.2,25,
200030385,2673.0,409,25.2
200049211,1713.1,197,80.4
243801255,1019.7,312,40.4
245501234,164.7,27,
242600641,992.3,40,
245804547,38.5,14,
200040004,4885.1,335,
247000839,127.4,30,
200023695,0.0,0,
243600327,2499.6,354,34.5
244000766,94986.1,508,5296.4
244900940,1004.7,74,
247000714,490.1,172,63.1
243900305,65.7,25,
241800507,6522.2,359,68.5
200035764,1159.9,126,68.5
200000628,13160.0,27,548.3
243700465,1101.5,111,
246000863,605.1,153,
244400677,970.7,10,
200042372,5720.6,205,531.2
243400728,408.4,5,
244600482,805.8,65,80.2
241500289,12177.8,144,
200043164,2166.9,59,
241100353,351.6,65,
200035970,44.0,13,1.8
244900841,1195.9,129,
200036549,1596.4,117,78.8
241000462,114.2,41,
247400583,909.1,221,44.7
200035855,17717.2,361,636.8
244800363,711.2,14,
243500691,1188.8,100,
240300491,1066.0,85,126.1
247600604,145.5,18,28.0
200040798,224.1,57,24.8
243200508,2455.7,122,351.6
241927334,2142.8,47,
244100251,1449.8,162,
244300208,786.5,61,
200000388,439.0,4,
242852416,69.4,30,
200033116,912.5,223,19.5
242900785,129.3,17,
200039857,8598.0,956,85.5
240500314,6275.1,131,
244800330,1242.5,31,
200030658,1700.7,155,165.7
200043636,52.1,20,
242600542,275.7,29,
246300784,971.9,48,
244600516,3766.1,91,
246200802,753.7,207,
246300735,506.9,56,
248000549,1058.2,44,
247000698,271.3,53,44.3
245501226,757.9,79,
247600216,376.5,146,
245614391,1072.2,123,
242320000,1147.4,78,
246800643,2313.2,153,
200041028,380.1,95,
200034726,16981.5,135,1503.0
245600366,6293.7,740,
242200608,907.9,92,
200025161,2009.7,58,
200041622,339.4,44,35.6
200035566,995.9,88,
241400720,312.9,56,
246001010,0.0,0,
248000697,599.4,133,
200017846,946.7,225,17.0
242300135,1430.5,101,
200043016,3895.8,156,283.8
245600440,550.6,104,29.9
242852499,1568.7,77,
240100727,293.6,105,
243900719,4086.8,64,685.6
200042125,457.5,142,
200035863,10418.2,424,313.9
246800437,1038.6,96,
200041721,619.0,229,36.0
244600359,786.5,85,
200023547,40.5,10,
240500330,380.8,5,
246300693,4982.2,233,
246500359,0.0,0,
240500397,1227.1,63,
246000939,77.7,30,
241500917,7112.0,181,
247400849,772.5,172,
244000881,3748.2,189,491.0
242401255,932.4,37,
247400823,0.0,0,
243600202,629.3,50,102.1
242320091,2500.2,46,
200011799,115.8,23,
247600497,291.5,88,17.7
200041879,372.9,123,28.9
244900924,1238.9,143,
246600415,17900.0,164,950.6
241501022,1366.1,32,
240100883,2655.5,613,32.7
244400420,14998.6,358,
245901160,2281.8,445,11.9
243500576,720.0,82,
241927417,6030.5,192,
241400647,502.6,55,
242900702,902.5,134,23.8
200044469,8439.8,166,798.8
244301107,1240.3,8,154.0
246100317,596.4,35,
200041853,114.7,41,17.3
243900420,393.3,103,43.4
240300582,931.9,140,
245804554,291.7,43,
242700607,1321.5,101,69.4
245501101,167.9,61,
246300933,66.9,1,
200034833,1780.3,144,95.7
242100410,3608.9,614,14.0
200041226,1574.4,69,
244700506,3447.3,156,
242101426,11071.7,26,
200023257,158.9,23,
247400864,861.7,280,
245701354,1174.5,304,33.1
243100724,1893.2,85,
241927243,6086.2,120,614.9
246500201,241.7,2,
246000921,43.6,22,1.3
240300715,1861.3,69,
200029999,410.4,136,27.9
246500052,0.0,0,
247400724,1004.1,249,34.5
241800325,134.1,34,26.4
244500468,2865.3,748,9.8
200034957,32552.1,260,1153.0
244800454,114.4,23,
246400337,990.1,73,102.1
244900981,2454.9,241,
200011781,706.4,98,74.6
247600794,147.0,38,
242200764,918.0,117,
200005130,1848.0,66,
240100339,488.4,89,
244000691,33268.7,130,3539.2
240200626,261.9,39,
242503886,2781.4,547,
246401459,361.6,46,
200036655,1884.9,136,
242600252,7234.2,435,227.8
246301170,1701.4,112,
242400752,630.9,58,45.0
200019008,54.6,22,
243800372,655.2,215,
200023778,7070.5,785,134.9
245500327,568.1,56,68.2
244400404,15178.9,2889,22.4
241400415,135.4,21,6.6
200042380,1076.9,182,
241400613,220.7,70,
242700375,282.2,50,
245900758,1670.5,3,41.8
245100813,1550.8,112,
242900645,714.9,63,38.9
240300723,2020.5,51,
200042729,507.6,115,22.0
242504348,175.6,34,
240200451,90.2,31,
200023125,248.1,1,5.4
248300394,58407.6,551,911.3
241200849,1837.7,22,
200036721,6625.1,94,
243301264,15511.5,7,332.1
242101467,381.2,54,
200033090,666.0,177,26.1
245701172,3388.5,187,
247700057,688.1,228,5.0
246301055,1133.1,11,
248000507,0.0,0,
247100860,245.9,39,
244900809,2723.5,147,78.7
241400845,98.9,14,
242900314,780.1,8,3.7
200040293,1621.2,122,115.9
240200576,1048.8,94,50.3
200043693,588.4,176,38.3
200037133,6464.8,144,187.5
247200157,408.0,60,
246201065,379.7,28,
200043396,11623.4,412,94.1
200040327,554.6,57,
246100648,203.0,39,
247800592,686.9,50,
200040475,4965.2,366,277.1
200040905,35687.7,169,1182.9
241200617,4458.6,58,
247200736,546.6,101,
243301355,843.3,4,39.0
247700693,115.1,46,
247200470,279.5,3,
241200906,4394.3,84,658.9
246301071,386.2,30,
200034601,814.9,76,152.7
246100572,252.1,29,
246100788,76.4,26,
243301223,2213.1,3,59.3
200035665,946.0,184,13.3
242700334,512.3,58,
248100380,26584.0,739,
247700651,571.4,41,
200044394,1182.0,118,49.4
241700632,7959.4,160,540.9
247700602,82.9,31,
243301470,149.7,43,
200041689,26558.9,595,509.3
247700438,667.2,198,17.6
247700685,100.2,46,
243301322,185.4,2,
251000832,748.7,67,
200006765,1853.0,49,
241500230,70860.2,380,1319.5
248500464,5632.6,528,243.1
240100818,457.2,134,
247400740,1787.1,309,54.6
242900801,2917.9,365,58.8
241400696,204.1,65,
200000594,275.9,23,
200035848,1627.9,54,289.2
245501168,119.7,34,
200040053,708.9,106,
243200607,4249.4,107,608.4
244900700,6838.5,729,
200047710,137.2,28,
244200762,946.8,213,
242101392,787.4,42,
248800617,128.7,2,
241000413,1310.2,106,
247300569,582.1,77,
248600447,406.0,21,16.7
248000457,153.7,67,
240600551,654.0,162,9.0
248400327,1058.2,109,
248500092,7560.9,433,
244200671,841.2,144,
200035228,334.0,62,
244400529,5724.2,192,
242100030,1536.5,46,
248200164,2856.1,181,
243900560,408.8,98,34.7
246900740,1735.3,318,58.6
245804372,245.2,28,
240100651,249.0,84,
243800745,232.3,57,22.3
243600210,736.6,25,
246300958,3685.5,57,
245300223,1753.7,239,127.1
246800676,881.2,154,55.4
200043370,3380.7,454,
246900682,194.3,46,
248500704,4751.3,345,
200043602,52379.1,545,916.4
248719296,0.0,0,
243500774,233.6,3,8.5
245300330,4661.5,630,47.8
244500278,574.1,69,
246800569,1572.4,209,41.2
243900339,569.9,121,
200041606,145.0,61,
246900724,1553.2,344,49.3
244100772,668.5,77,
246800411,1108.6,88,
246700967,5599.0,208,151.1
245300355,2551.2,279,124.6
244700464,1918.0,106,185.7
240600593,750.0,5,27.2
242320018,6411.0,116,
200034270,1469.8,106,61.2
241501014,5623.2,69,
245100888,106.7,35,14.4
200000933,1804.5,104,132.4
247600679,474.7,91,
240300624,4590.9,174,
246500656,58.5,14,
247600711,478.1,31,
200018521,552.8,46,92.6
245804612,127.3,12,
247104193,1977.1,368,
246200984,583.8,116,
200040715,6367.7,1470,14.2
247100498,490.8,83,
249100157,217.5,56,11.7
200039196,89.2,18,
243100609,862.4,60,
242504496,448.2,71,71.5
241000470,227.9,22,
246401624,46.4,1,
245200415,738.9,83,
247400781,127.2,36,
241600469,2677.0,133,
200040038,1185.0,131,98.1
200006435,1735.3,75,
241000447,182.6,42,23.9
200039022,7482.7,946,90.4
244100293,524.4,51,88.7
242852549,473.3,68,
200033025,1227.7,151,36.3
242100154,832.7,108,60.8
244400438,4879.2,614,117.3
243700861,332.1,79,
200027027,3543.7,211,123.3
243100815,695.9,184,33.1
240100693,343.7,96,
247000706,549.5,119,41.6
247600729,191.7,57,8.1
243500147,4478.7,321,
244000667,5236.6,37,
243700747,270.4,4,
245100631,1627.8,71,
242700383,749.5,101,
245900816,126.6,46,
246500482,570.6,75,34.6
244901013,728.7,6,
246800015,2712.9,102,
242600492,1523.2,126,158.9
244701439,753.9,62,
244900999,508.6,3,
242700516,802.2,79,
242900553,2135.1,333,51.1
244800322,2198.2,37,
246800098,74.0,25,
245804471,272.9,34,
242200574,167.4,2,
200022515,190.5,46,
245701248,0.0,0,
241000264,113.7,13,
200041572,1455.5,95,128.5
244301123,2914.4,68,566.1
242900744,1053.7,160,68.6
200040095,1276.7,165,67.7
248800435,61.7,1,
245901038,589.5,88,40.3
244000675,8218.9,717,142.7
244301073,690.7,74,
243800612,2037.4,374,
246401541,1603.4,12,
245000260,389.5,84,
243800778,2448.9,492,45.6
247100746,444.7,139,
248500639,2472.9,193,
200039204,13219.5,696,249.9
244301149,5732.8,124,
247103948,743.7,72,
242500619,427.6,88,
245600465,0.0,0,0.0
200018083,375.3,120,16.2
200042406,1156.3,150,
247100480,293.3,74,
256500612,0.0,0,
241400670,299.0,45,
240700310,2954.1,274,
244400511,2448.7,349,
243500733,5660.2,340,156.3
246300800,1050.2,120,
246401723,9276.8,21,
243301215,2146.4,192,117.9
200034676,63.3,1,
245000476,256.4,70,
243301397,558.1,162,31.8
200026177,1062.5,93,
247600455,276.9,64,
200000487,148.6,36,
240200477,152.8,46,2.9
248000630,236.8,51,
200018158,909.1,24,
246100390,277.0,48,49.1
242700433,336.2,21,
243301173,251.6,71,
245901152,732.1,242,10.3
246300677,1361.0,65,
248500720,2426.9,187,
247600737,130.4,13,
242214344,254.9,56,
242700292,1553.5,146,
200023919,597.0,83,32.4
241200765,7195.2,167,1356.6
246301139,1409.2,80,
247700479,125.7,31,
247200637,675.9,136,
246100580,176.1,35,
200033173,89.9,42,3.6
246100739,516.8,39,
241700699,1748.6,146,112.6
243000452,1043.2,7,
246301006,1428.8,131,
241200724,1232.6,122,
200040251,550.3,111,23.8
242852309,23.7,12,
248600413,1193.0,110,14.3
243100856,310.7,74,
244200846,1157.7,172,
242600591,1883.1,137,
200036457,445.3,41,
245200381,158.8,33,
200012003,876.0,98,
247600570,141.4,51,
246600449,25421.5,380,1119.9
200034098,313.6,81,25.9
245501341,87.0,34,
242101442,362.2,31,68.8
244301065,549.4,99,
200006427,613.7,83,
200042323,34.8,14,
200039519,10829.7,66,1402.1
246500573,0.0,0,0.0
246000608,732.4,88,
200027308,823.0,66,101.3
200042794,863.1,55,
242401222,804.5,68,
244800439,0.0,0,
246300776,767.7,68,
242600658,100.3,13,
248000762,689.5,111,
244500534,39.4,15,
248800682,1279.1,44,
248500662,11422.6,638,406.9
246000913,290.6,83,16.0
248600421,516.8,5,
247100639,1117.1,82,185.6
243700812,1513.0,132,
247900798,13099.2,27,369.0
244700449,1691.9,69,295.0
244300216,2784.8,67,
244000857,35975.6,238,2894.0
200039642,991.7,87,65.2
242101301,388.0,31,
241400761,126.5,30,
200035210,556.0,134,
245400791,9824.0,103,
241500255,1802.9,50,345.0
243900479,149.1,59,16.4
200035871,901.3,48,
244500476,823.0,36,
247000722,489.3,156,23.4
246401699,2670.3,152,
245400437,379.3,92,
242900660,541.6,111,18.7
246700942,1691.2,142,
244200598,665.4,154,
243901089,1056.8,94,116.5
241200716,1869.4,38,
200033538,2462.0,305,
243200458,8312.8,216,622.4
245804448,46.3,16,
200023273,431.8,3,
248600405,0.0,0,
241927425,635.0,16,
243500675,1338.7,150,
244900791,3813.1,231,
245200373,121.4,44,
246401798,1679.6,130,
200035202,1513.3,293,64.5
242913317,271.9,44,
244200895,1058.8,185,62.8
242400935,1052.0,94,157.8
248719320,739.6,104,
245100516,363.9,43,
200040459,20793.2,660,307.2
245804497,494.1,45,94.5
242852572,76.6,32,
248700163,4536.8,116,
248719379,1099.1,66,
241200914,3293.5,111,605.9
248719353,1312.4,41,230.2
240100594,224.3,69,
246000772,0.0,0,0.0
245900741,724.6,28,
248800690,300.5,29,
247000755,210.4,88,14.1
247300668,194.7,76,31.3
240400010,0.0,0,
244301131,0.0,0,0.0
240100370,254.3,68,
244800504,413.5,20,
245000443,218.1,66,
248900383,216.6,61,14.8
244900734,1835.4,193,
241400829,118.2,35,
243400694,1426.0,276,34.5
245701370,0.0,0,
200012037,1310.9,343,
200040947,5086.9,577,49.6
240200600,97.1,41,4.7
247600620,353.9,74,13.5
242504462,232.1,94,
244800421,112.4,29,
200023281,13239.8,930,
242700599,246.3,51,
247400666,0.0,0,0.0
200026482,276.5,89,
244000816,3226.6,233,
200030104,368.4,39,
242500338,514.6,135,18.1
248000473,47.7,23,
241927383,558.2,48,
248000739,0.0,0,
200034817,2866.0,318,
200000925,1811.4,275,82.0
246401533,212.6,23,
246800460,1929.8,160,
242500361,3383.3,736,17.1
200040657,1953.6,290,103.1
200042984,3910.5,343,
242700318,377.2,32,
248500605,1723.9,392,
242900074,3092.3,311,62.5
242700284,486.2,71,
245701289,0.0,0,
246100341,1017.3,69,
247100290,2001.7,450,22.1
248300410,791.5,8,24.3
245701198,934.5,92,
246300974,275.9,33,
200057958,1053.6,387,4.6
246301097,1313.7,178,67.2
243000528,125.2,37,
243301389,34981.4,234,1572.1
247200413,1121.6,306,
200000354,3625.3,107,
247000854,160.2,59,19.5
240400366,2085.2,105,
200049484,4049.2,175,352.3
240400515,79.5,13,
240900472,192.7,16,
200022812,0.0,0,
244200812,1658.0,413,
200039832,1418.5,121,150.3
246001150,58.1,28,
249500455,126.4,56,3.2
243900610,199.9,63,37.0
243700820,440.4,111,20.4
242900793,2453.7,213,89.0
247300718,176.0,53,
244900858,2012.9,16,
200023562,0.0,0,
241600410,6744.1,152,
248000663,263.5,37,
241400837,145.3,52,
200027035,164.6,45,
244800389,225.0,20,
240900407,19775.5,375,
242200699,544.3,82,
246800189,348.8,91,
245000377,88.7,21,
247400658,323.2,97,
200036366,0.0,0,
248600587,174.3,54,
242401024,758.8,50,55.5
246401863,1866.7,85,
248500589,11122.3,1515,113.2
242600583,286.0,72,
246200455,767.9,245,
244800413,398.0,17,
200006047,205.9,66,
240100685,272.9,88,
240300681,796.3,63,
245700950,1310.6,227,76.0
248800336,835.9,88,
248000499,294.6,106,11.1
246200380,426.3,105,19.1
243301454,826.8,179,43.5
241900133,3429.9,76,338.6
245804422,86.8,26,
247100605,203.8,63,
247600505,402.3,81,26.8
245100508,469.7,29,
240900423,1258.6,69,
240200592,43.9,16,8.0
241927318,1532.6,46,
240300756,957.7,57,
240400507,0.0,0,
249000118,217.4,66,
240400291,124157.6,41,
200041267,613.0,83,
248800369,170.6,55,
240200683,811.4,126,
200035996,1132.2,45,
247400732,282.8,85,
248800419,505.5,66,
247103922,467.3,97,
245100581,285.2,28,
200023331,288.8,44,
245701347,913.9,115,
241400787,51.5,19,
245400775,178.8,54,
242504363,131.3,51,
242900777,673.4,9,
247800527,196.0,64,
240200659,71.4,32,
247700024,627.5,115,
242700276,731.6,125,40.1
200035020,1121.7,188,
200023240,210.4,64,7.1
244500567,454.6,55,
245400825,371.7,63,
246700892,958.5,63,
247900475,0.0,0,
241600527,2888.9,127,
244100780,116.1,35,14.7
245804539,42.1,15,
242504116,0.0,0,0.0
247300346,81.9,21,
245000575,121.5,47,
240100800,399.8,138,16.1
245501481,256.6,27,
245701164,94.2,36,5.4
246600548,241.4,55,24.6
200043123,3161.8,548,35.1
243901105,145.9,48,
241400910,73.3,32,
240100610,538.8,188,21.4
246000947,0.0,0,
246401616,4121.4,231,
240700849,531.5,63,
246100770,611.7,24,
241400639,84.8,31,
241400886,128.6,33,
200040269,1258.7,81,
247600653,90.9,26,
246100333,191.5,52,
200041291,3363.5,175,
241200831,1118.4,38,
245701420,296.7,105,
246100655,148.9,20,
243301124,1726.8,79,
200035988,214.9,55,
247200652,717.0,120,
247200462,989.5,117,
247200421,1360.6,188,76.4
